А.Казки вулиця	вулиця А. Казки
А.Куби вулиця	вулиця А. Куби
Авіценни вулиця	вулиця Авіценни
Аврори вулиця	вулиця Аврори
Академіка Архипа Люльки вулиця	вулиця Академіка Архипа Люльки
академіка Григорія Проскури вулиця	вулиця Академіка Григорія Проскури
Академіка Люльки вулиця	вулиця Академіка Люльки
Академіка Проскури вулиця	вулиця Академіка Проскури
Академіка Філарета Колесси вулиця	вулиця Академіка Філарета Колесси
Академіка Чайки вулиця	вулиця Академіка Чайки
Академіка Шульги вулиця	вулиця Академіка Шульги
Алея Слави вулиця	вулиця Алея Слави
Аляски вулиця	вулиця Аляски
Амвросія Бучми вулиця	вулиця Амвросія Бучми
Амвросія Ждахи вулиця	вулиця Амвросія Ждахи
Анатолія Безроди вулиця	вулиця Анатолія Безроди
Анатолія Жовтухи вулиця	вулиця Анатолія Жовтухи
Анатолія Комоси вулиця	вулиця Анатолія Комоси
Анатолія Кукоби вулиця	вулиця Анатолія Кукоби
Анатолія Шульги вулиця	вулиця Анатолія Шульги
Анатолія Яндали вулиця	вулиця Анатолія Яндали
Андрели вулиця	вулиця Андрели
Андрія Глеби вулиця	вулиця Андрія Глеби
Андрія Гріги вулиця	вулиця Андрія Гріги
Андрія Журби вулиця	вулиця Андрія Журби
Андрія Кандиби вулиця	вулиця Андрія Кандиби
Андрія Коцки вулиця	вулиця Андрія Коцки
Андрія Молодики вулиця	вулиця Андрія Молодики
Андрія Реути вулиця	вулиця Андрія Реути
Андрія Сови вулиця	вулиця Андрія Сови
Андрія Сулими вулиця	вулиця Андрія Сулими
Анни Ярославни вулиця	вулиця Анни Ярославни
Антона Присовки вулиця	вулиця Антона Присовки
Антона Соколи вулиця	вулиця Антона Соколи
Антона Шепи вулиця	вулиця Антона Шепи
Антонія Годинки вулиця	вулиця Антонія Годинки
Анюти вулиця	вулиця Анюти
Арктики вулиця	вулиця Арктики
Архипа Люльки вулиця	вулиця Архипа Люльки
Архітектора Кеди вулиця	вулиця Архітектора Кеди
Афанасія Сковороди вулиця	вулиця Афанасія Сковороди
Б. Л. Українки вулиця	вулиця Б. Л. Українки
Б.Ступки вулиця	вулиця Б. Ступки
Базими вулиця	вулиця Базими
Байди вулиця	вулиця Байди
Байкали вулиця	вулиця Байкали
Балагури вулиця	вулиця Балагури
Балкани вулиця	вулиця Балкани
Балки вулиця	вулиця Балки
Бандери вулиця	вулиця Бандери
Батули вулиця	вулиця Батули
Батури вулиця	вулиця Батури
Батьківщини вулиця	вулиця Батьківщини
Бахчиванджи вулиця	вулиця Бахчиванджи
Баштанської Республіки вулиця	вулиця Баштанської Республіки
Бегми вулиця	вулиця Бегми
Бедржиха Сметани вулиця	вулиця Бедржиха Сметани
Бербеци вулиця	вулиця Бербеци
Бережки вулиця	вулиця Бережки
Берези вулиця	вулиця Берези
Березняки вулиця	вулиця Березняки
Берестки вулиця	вулиця Берестки
Беринди вулиця	вулиця Беринди
Берізки вулиця	вулиця Берізки
Берізоньки вулиця	вулиця Берізоньки
Беркути вулиця	вулиця Беркути
Біливоди вулиця	вулиця Біливоди
Білинки вулиця	вулиця Білинки
Білі кринички вулиця	вулиця Білі кринички
Білки вулиця	вулиця Білки
Білохи вулиця	вулиця Білохи
Бічна Гонти вулиця	вулиця Бічна Гонти
Бічна Григорія Сковороди вулиця	вулиця Бічна Григорія Сковороди
Бічна Івана Ґонти вулиця	вулиця Бічна Івана Ґонти
Бічна Мазепи вулиця	вулиця Бічна Мазепи
Ближні Млини вулиця	вулиця Ближні Млини
Блохи вулиця	вулиця Блохи
Богдана Завади вулиця	вулиця Богдана Завади
Богдана Ліщини вулиця	вулиця Богдана Ліщини
Богдана Ступки вулиця	вулиця Богдана Ступки
Богдана Хмельницького вулиця / Степана Бандери вулиця	вулиця Богдана Хмельницького / вулиця Степана Бандери
Богми вулиця	вулиця Богми
Бойки вулиця	вулиця Бойки
Бони Сфорци вулиця	вулиця Бони Сфорци
Бори вулиця	вулиця Бори
Бориса Глінки вулиця	вулиця Бориса Глінки
Бориса Захави вулиця	вулиця Бориса Захави
Бориса Зголи вулиця	вулиця Бориса Зголи
Бориса Макухи вулиця	вулиця Бориса Макухи
Бориса Середи вулиця	вулиця Бориса Середи
Боровики вулиця	вулиця Боровики
Бородавки вулиця	вулиця Бородавки
Боротьби вулиця	вулиця Боротьби
Бочани вулиця	вулиця Бочани
Боярники вулиця	вулиця Боярники
Браги вулиця	вулиця Браги
Броди вулиця	вулиця Броди
Бузники вулиця	вулиця Бузники
Булди вулиця	вулиця Булди
Буми вулиця	вулиця Буми
Бурбели вулиця	вулиця Бурбели
Бурди вулиця	вулиця Бурди
Бурки вулиця	вулиця Бурки
Бурти вулиця	вулиця Бурти
Бутоми вулиця	вулиця Бутоми
Бучми вулиця	вулиця Бучми
В. Г. Штепи вулиця	вулиця В. Г. Штепи
В. Гуци вулиця	вулиця В. Гуци
В. Корчаки вулиця	вулиця В. Корчаки
В. Лободи вулиця	вулиця В. Лободи
В. Прищепи вулиця	вулиця В. Прищепи
В. Шульги вулиця	вулиця В. Шульги
В.Денеки вулиця	вулиця В. Денеки
В.Заїки вулиця	вулиця В. Заїки
В.Сосюри вулиця	вулиця В. Сосюри
В’ячеслава Галви вулиця	вулиця Вʼячеслава Галви
В’ячеслава Шкоди вулиця	вулиця Вʼячеслава Шкоди
Вайди вулиця	вулиця Вайди
Вакули вулиця	вулиця Вакули
Валентини вулиця	вулиця Валентини
Валерія Чепіги вулиця	вулиця Валерія Чепіги
Вали вулиця	вулиця Вали
Валявки вулиця	вулиця Валявки
Ванди вулиця	вулиця Ванди
Варави вулиця	вулиця Варави
Василенка Миколи вулиця	вулиця Миколи Василенка
Василини вулиця	вулиця Василини
Василя Барки вулиця	вулиця Василя Барки
Василя Бархи вулиця	вулиця Василя Бархи
Василя Берези вулиця	вулиця Василя Берези
Василя Бульби вулиця	вулиця Василя Бульби
Василя Гаджеги вулиця	вулиця Василя Гаджеги
Василя Гелети вулиця	вулиця Василя Гелети
Василя Дейнеки вулиця	вулиця Василя Дейнеки
Василя Магарити вулиця	вулиця Василя Магарити
Василя Мови вулиця	вулиця Василя Мови
Василя Моруги вулиця	вулиця Василя Моруги
Василя Пойди вулиця	вулиця Василя Пойди
Василя Попези вулиця	вулиця Василя Попези
Василя Росохи вулиця	вулиця Василя Росохи
Василя Сварики вулиця	вулиця Василя Сварики
Василя Свиди вулиця	вулиця Василя Свиди
Василя Скрипки вулиця	вулиця Василя Скрипки
Василя Тибінки вулиця	вулиця Василя Тибінки
Василя Фанти вулиця	вулиця Василя Фанти
Васюти вулиця	вулиця Васюти
Вацлава Длоуги вулиця	вулиця Вацлава Длоуги
Ведути вулиця	вулиця Ведути
Великі Берестяни вулиця	вулиця Великі Берестяни
Великі Фільварки вулиця	вулиця Великі Фільварки
Венгри вулиця	вулиця Венгри
Венеліна-Гуци вулиця	вулиця Венеліна-Гуци
Веніаміна Іліуци вулиця	вулиця Веніаміна Іліуци
Веніаміна Сікори вулиця	вулиця Веніаміна Сікори
Верби вулиця	вулиця Верби
Вереси вулиця	вулиця Вереси
Верни вулиця	вулиця Верни
Вернигори вулиця	вулиця Вернигори
Верхні Аджахи вулиця	вулиця Верхні Аджахи
Верхні Пасіки вулиця	вулиця Верхні Пасіки
Верхні сади вулиця	вулиця Верхні сади
Верховної Ради вулиця	вулиця Верховної Ради
Верхоли вулиця	вулиця Верхоли
Вершигори вулиця	вулиця Вершигори
Верьовки вулиця	вулиця Верьовки
Веселки вулиця	вулиця Веселки
Весни вулиця	вулиця Весни
Ветеранів війни вулиця	вулиця Ветеранів війни
Ветеранів Війни вулиця	вулиця Ветеранів Війни
Вишняки вулиця	вулиця Вишняки
Відродження України вулиця	вулиця Відродження України
Військової слави вулиця	вулиця Військової слави
Військової Слави вулиця	вулиця Військової Слави
Вікентія Хвойки вулиця	вулиця Вікентія Хвойки
Віктора Забіли вулиця	вулиця Віктора Забіли
Віктора Йови вулиця	вулиця Віктора Йови
Віктора Матюка вулиця Героїв України вулиця	вулиця Віктора Матюка вулиця Героїв України
Віктора Харини вулиця	вулиця Віктора Харини
Віктора Ярмоли вулиця	вулиця Віктора Ярмоли
Вільної України вулиця	вулиця Вільної України
Віри Копійки вулиця	вулиця Віри Копійки
Віри Смереки вулиця	вулиця Віри Смереки
Вірменської громади вулиця	вулиця Вірменської громади
Віталія Мореки вулиця	вулиця Віталія Мореки
Віталія Попруги вулиця	вулиця Віталія Попруги
Віталія Яреми вулиця	вулиця Віталія Яреми
Віті Дудки вулиця	вулиця Віті Дудки
Вітряки вулиця	вулиця Вітряки
Вітряні гори вулиця	вулиця Вітряні гори
Вітряні Гори вулиця	вулиця Вітряні Гори
Вітчизни вулиця	вулиця Вітчизни
Водобаки вулиця	вулиця Водобаки
Возз’єднання України вулиця	вулиця Воззʼєднання України
Воїнів України вулиця	вулиця Воїнів України
Войти вулиця	вулиця Войти
Волновахи вулиця	вулиця Волновахи
Володимира Качали вулиця	вулиця Володимира Качали
Володимира Манжули вулиця	вулиця Володимира Манжули
Володимира Микити вулиця	вулиця Володимира Микити
Володимира Проходи вулиця	вулиця Володимира Проходи
Володимира Рябошапки вулиця	вулиця Володимира Рябошапки
Володимира Самодриги вулиця	вулиця Володимира Самодриги
Володимира Сливки вулиця	вулиця Володимира Сливки
Володимира Сосюри вулиця	вулиця Володимира Сосюри
Володимира Шандиби вулиця	вулиця Володимира Шандиби
Володі Галки вулиця	вулиця Володі Галки
Воляни вулиця	вулиця Воляни
Всеволода Лазуки вулиця	вулиця Всеволода Лазуки
Вуйка Подоби вулиця	вулиця Вуйка Подоби
Вушнаки вулиця	вулиця Вушнаки
Г. Лободи вулиця	вулиця Г. Лободи
Г. Сковороди вулиця	вулиця Г. Сковороди
Г.М.Шкури вулиця	вулиця Г. М. Шкури
Г.Сковороди вулиця	вулиця Г. Сковороди
Габи вулиця	вулиця Габи
Габора Дайки вулиця	вулиця Габора Дайки
Гавдиди вулиця	вулиця Гавдиди
Гаврила Куреди вулиця	вулиця Гаврила Куреди
Гаврили вулиця	вулиця Гаврили
Гавуки вулиця	вулиця Гавуки
Гайки вулиця	вулиця Гайки
Галайди вулиця	вулиця Галайди
Галини Журби вулиця	вулиця Галини Журби
Галицькі Пасіки вулиця	вулиця Галицькі Пасіки
Галушки вулиця	вулиця Галушки
Галшки Гулевичівни вулиця	вулиця Галшки Гулевичівни
Галяси вулиця	вулиця Галяси
Гамзи вулиця	вулиця Гамзи
Гандери вулиця	вулиця Гандери
Ганни Бондарівни вулиця	вулиця Ганни Бондарівни
Ганни вулиця	вулиця Ганни
Ганни Дойжи вулиця	вулиця Ганни Дойжи
Гарвати вулиця	вулиця Гарвати
Гельсінської групи вулиця	вулиця Гельсінської групи
Гельсінської Групи вулиця	вулиця Гельсінської Групи
генерала Андрія Дрофи вулиця	вулиця генерала Андрія Дрофи
Генерала Вершигори вулиця	вулиця Генерала Вершигори
Генерала Каруни вулиця	вулиця Генерала Каруни
Генерала Осипа Микитки вулиця	вулиця Генерала Осипа Микитки
Генерала Редьки вулиця	вулиця Генерала Редьки
Генерала Свободи вулиця	вулиця Генерала Свободи
Генерала Тараса Чупринки вулиця	вулиця Генерала Тараса Чупринки
Генерала Чайки вулиця	вулиця Генерала Чайки
Генерала Чупринки вулиця	вулиця Генерала Чупринки
Георгія Добри вулиця	вулиця Георгія Добри
Георгія Кирпи вулиця	вулиця Георгія Кирпи
Георгія Кірпи вулиця	вулиця Георгія Кірпи
Георгія Проскури вулиця	вулиця Георгія Проскури
Георгія Хобти вулиця	вулиця Георгія Хобти
Гереги вулиця	вулиця Гереги
Герети вулиця	вулиця Герети
Германа Шахли вулиця	вулиця Германа Шахли
Германи вулиця	вулиця Германи
Героїв війни вулиця	вулиця Героїв війни
Героїв Волновахи вулиця	вулиця Героїв Волновахи
Героїв Врадіївщини вулиця	вулиця Героїв Врадіївщини
Героїв Громадянської Війни вулиця	вулиця Героїв Громадянської Війни
Героїв Маківки вулиця	вулиця Героїв Маківки
Героїв Оборони вулиця	вулиця Героїв Оборони
Героїв оборони Одеси вулиця	вулиця Героїв оборони Одеси
Героїв Охтирки вулиця	вулиця Героїв Охтирки
Героїв Роменщини вулиця	вулиця Героїв Роменщини
Героїв Свалявщини вулиця	вулиця Героїв Свалявщини
Героїв Сумщини вулиця	вулиця Героїв Сумщини
Героїв України вулиця	вулиця Героїв України
Героїв України вулиця / Климента Тімірязєва вулиця	вулиця Героїв України / вулиця  Климента Тімірязєва
Героїв Шипки вулиця	вулиця Героїв Шипки
Героя праці О.Г.Мухи вулиця	вулиця Героя праці О. Г. Мухи
Героя України Бринжали вулиця	вулиця Героя України Бринжали
Героя України Степана Бандери вулиця	вулиця Героя України Степана Бандери
Гетьмана І. Мазепи вулиця	вулиця Гетьмана І. Мазепи
Гетьмана Івана Мазепи вулиця	вулиця Гетьмана Івана Мазепи
Гетьмана Івана Сулими вулиця	вулиця Гетьмана Івана Сулими
Гетьмана Мазепи вулиця	вулиця Гетьмана Мазепи
Гетьмана Iвана Мазепи вулиця	вулиця Гетьмана Iвана Мазепи
Гички вулиця	вулиця Гички
Гишки вулиця	вулиця Гишки
Гізенги вулиця	вулиця Гізенги
Гірницької Слави вулиця	вулиця Гірницької Слави
Гламазди вулиця	вулиця Гламазди
Глинки вулиця	вулиця Глинки
Глінки вулиця	вулиця Глінки
Гната Краснухи вулиця	вулиця Гната Краснухи
Гната Танцюри вулиця	вулиця Гната Танцюри
Гната Юри вулиця	вулиця Гната Юри
Гнібеди вулиця	вулиця Гнібеди
Говди вулиця	вулиця Говди
Говорухи вулиця	вулиця Говорухи
Гоголя Миколи вулиця	вулиця Гоголя Миколи
Годованця Микити вулиця	вулиця Годованця Микити
Гойди вулиця	вулиця Гойди
Голобурди вулиця	вулиця Голобурди
Голоти вулиця	вулиця Голоти
Гонди вулиця	вулиця Гонди
Гонти вулиця	вулиця Гонти
Горбки вулиця	вулиця Горбки
Гордасевич Галини вулиця	вулиця Гордасевич Галини
Гори вулиця	вулиця Гори
Горигорія Сковороди вулиця	вулиця Горигорія Сковороди
Горки вулиця	вулиця Горки
Горького вулиця / Дружби вулиця	вулиця Горького / вулиця Дружби
Горянської Ротонди вулиця	вулиця Горянської Ротонди
Грабини вулиця	вулиця Грабини
Грабки вулиця	вулиця Грабки
Гребінки вулиця	вулиця Гребінки
Гречухи вулиця	вулиця Гречухи
Григорія Базими вулиця	вулиця Григорія Базими
Григорія Балжи вулиця	вулиця Григорія Балжи
Григорія Варавви вулиця	вулиця Григорія Варавви
Григорія Верьовки вулиця	вулиця Григорія Верьовки
Григорія Граб'янки вулиця	вулиця Григорія Грабʼянки
Григорія Граб’янки вулиця	вулиця Григорія Грабʼянки
Григорія Грабʼянки вулиця	вулиця Григорія Грабʼянки
Григорія Косинки вулиця	вулиця Григорія Косинки
Григорія Середи вулиця	вулиця Григорія Середи
Григорія Сковороди вулиця	вулиця Григорія Сковороди
Григорія Тикви вулиця	вулиця Григорія Тикви
Григорія Чупринки вулиця	вулиця Григорія Чупринки
Григорія Щербини вулиця	вулиця Григорія Щербини
Грицюти вулиця	вулиця Грицюти
Губи вулиця	вулиця Губи
Гудими вулиця	вулиця Гудими
Гулевичівни вулиця	вулиця Гулевичівни
Гуменіски вулиця	вулиця Гуменіски
Гуняди вулиця	вулиця Гуняди
Гури вулиця	вулиця Гури
Гутники вулиця	вулиця Гутники
Гуци вулиця	вулиця Гуци
Гуштинківські горби вулиця	вулиця Гуштинківські горби
Гуштинківські яри вулиця	вулиця Гуштинківські яри
Ґонти вулиця	вулиця Ґонти
Д. Федорини вулиця	вулиця Д. Федорини
Д.Желіби вулиця	вулиця Д. Желіби
Деберки вулиця	вулиця Деберки
Дейнеги вулиця	вулиця Дейнеги
Дейнеки вулиця	вулиця Дейнеки
Демури вулиця	вулиця Демури
Джамбули вулиця	вулиця Джамбули
Джиготи вулиця	вулиця Джиготи
Джури вулиця	вулиця Джури
Дзюби вулиця	вулиця Дзюби
Дитячої Комуни вулиця	вулиця Дитячої Комуни
Діброви вулиця	вулиця Діброви
Дідори вулиця	вулиця Дідори
Дмитра Абриньби вулиця	вулиця Дмитра Абриньби
Дмитра Вариги вулиця	вулиця Дмитра Вариги
Дмитра Глінки вулиця	вулиця Дмитра Глінки
Дмитра Жлоби вулиця	вулиця Дмитра Жлоби
Дмитра Загули вулиця	вулиця Дмитра Загули
Дмитра Майбороди вулиця	вулиця Дмитра Майбороди
Дмитра Особи вулиця	вулиця Дмитра Особи
Дмитра Поливки вулиця	вулиця Дмитра Поливки
Дмитра Сулими вулиця	вулиця Дмитра Сулими
Дніпрової Чайки вулиця	вулиця Дніпрової Чайки
Дніпровські пороги вулиця	вулиця Дніпровські пороги
Дніпровські Пороги вулиця	вулиця Дніпровські Пороги
Дніпровської Чайки вулиця	вулиця Дніпровської Чайки
Дня Республіки вулиця	вулиця Дня Республіки
Доброти вулиця	вулиця Доброти
Довіри вулиця	вулиця Довіри
Доктора Дімари вулиця	вулиця Доктора Дімари
Доли вулиця	вулиця Доли
Долуди вулиця	вулиця Долуди
Домахи вулиця	вулиця Домахи
Драй-Хмари вулиця	вулиця Драй-Хмари
Друби вулиця	вулиця Друби
Другої п'ятирічки вулиця	вулиця Другої пʼятирічки
Дружби вулиця	вулиця Дружби
Дружби Вулиця	Вулиця Дружби
Дубини вулиця	вулиця Дубини
Дубки вулиця	вулиця Дубки
Думки вулиця	вулиця Думки
Евгена Гребінки вулиця	вулиця Евгена Гребінки
Електроніки вулиця	вулиця Електроніки
Євгена Гребінки вулиця	вулиця Євгена Гребінки
Євгена Дзиндри вулиця	вулиця Євгена Дзиндри
Єднання України вулиця	вулиця Єднання України
Єдності України вулиця	вулиця Єдності України
Єлени вулиця	вулиця Єлени
Єнова Джіди вулиця	вулиця Єнова Джіди
Жалібки вулиця	вулиця Жалібки
Жеваги вулиця	вулиця Жеваги
Жлоби вулиця	вулиця Жлоби
Жмури вулиця	вулиця Жмури
Жовті Води вулиця	вулиця Жовті Води
Жовтої Троянди вулиця	вулиця Жовтої Троянди
Жовтухи вулиця	вулиця Жовтухи
Жолоби вулиця	вулиця Жолоби
Жорновки вулиця	вулиця Жорновки
Жужоми вулиця	вулиця Жужоми
За Вербами вулиця	вулиця За Вербами
За городами вулиця	вулиця За городами
За Городами вулиця	вулиця За Городами
Завірюхи вулиця	вулиця Завірюхи
Загороди вулиця	вулиця Загороди
Загородки вулиця	вулиця Загородки
Загребельки вулиця	вулиця Загребельки
Залати вулиця	вулиця Залати
Залоги вулиця	вулиця Залоги
Замкові Сходи вулиця	вулиця Замкові Сходи
Замори вулиця	вулиця Замори
Запасівники вулиця	вулиця Запасівники
Заподрини вулиця	вулиця Заподрини
Запорожани вулиця	вулиця Запорожани
Заремби вулиця	вулиця Заремби
Заруди вулиця	вулиця Заруди
Заставки вулиця	вулиця Заставки
Захарія Чепіги вулиця	вулиця Захарія Чепіги
Захисників Вітчизни вулиця	вулиця Захисників Вітчизни
Захисників Сумщини вулиця	вулиця Захисників Сумщини
Захисників України вулиця	вулиця Захисників України
Захисникiв України вулиця	вулиця Захисникiв України
Захистників Вітчизни вулиця	вулиця Захистників Вітчизни
Захистників України вулиця	вулиця Захистників України
Західні Вали вулиця	вулиця Західні Вали
Захісників Вітчизни вулиця	вулиця Захісників Вітчизни
Зацепи вулиця	вулиця Зацепи
Збройних Сил України вулиця	вулиця Збройних Сил України
Звитяги вулиця	вулиця Звитяги
Згари вулиця	вулиця Згари
Згоди вулиця	вулиця Згоди
Зелені Луки вулиця	вулиця Зелені Луки
Землячки вулиця	вулиця Землячки
Зеновія Флінти вулиця	вулиця Зеновія Флінти
Зерова Миколи вулиця	вулиця Зерова Миколи
Злагоди вулиця	вулиця Злагоди
Злуки вулиця	вулиця Злуки
Золтана Мички вулиця	вулиця Золтана Мички
Зруби вулиця	вулиця Зруби
І Бердянської Ради вулиця	вулиця І Бердянської Ради
І. Верзи вулиця	вулиця І. Верзи
І. Гонти вулиця	вулиця І. Гонти
І. Гунти вулиця	вулиця І. Гунти
І. Каліберди вулиця	вулиця І. Каліберди
І. Кирпи вулиця	вулиця І. Кирпи
І. Люльки вулиця	вулиця І. Люльки
І. Мазепи вулиця	вулиця І. Мазепи
І. Підкови вулиця	вулиця І. Підкови
І.Мазепи вулиця	вулиця І.Мазепи
Івана Баліки вулиця	вулиця Івана Баліки
Івана Ворохти вулиця	вулиця Івана Ворохти
Івана Габовди вулиця	вулиця Івана Габовди
Івана Гавдиди вулиця	вулиця Івана Гавдиди
Івана Гарайди вулиця	вулиця Івана Гарайди
Івана Гонти вулиця	вулиця Івана Гонти
Івана Григи вулиця	вулиця Івана Григи
Івана Губи вулиця	вулиця Івана Губи
Івана Густи вулиця	вулиця Івана Густи
Івана Ґонти вулиця	вулиця Івана Ґонти
Івана Демушки вулиця	вулиця Івана Демушки
Івана Дзюби вулиця	вулиця Івана Дзюби
Івана Іскри вулиця	вулиця Івана Іскри
Івана Кандиби вулиця	вулиця Івана Кандиби
Івана Кобзи вулиця	вулиця Івана Кобзи
Івана Кочерги вулиця	вулиця Івана Кочерги
Івана Липи вулиця	вулиця Івана Липи
Івана Мазепи вулиця	вулиця Івана Мазепи
Івана Малки вулиця	вулиця Івана Малки
Івана Молявки вулиця	вулиця Івана Молявки
Івана Мухи вулиця	вулиця Івана Мухи
Івана Нагнибіди вулиця	вулиця Івана Нагнибіди
Івана Неходи вулиця	вулиця Івана Неходи
Івана Підкови вулиця	вулиця Івана Підкови
Івана Подоляки вулиця	вулиця Івана Подоляки
Івана Ротти вулиця	вулиця Івана Ротти
Івана Свиди вулиця	вулиця Івана Свиди
Івана Севери вулиця	вулиця Івана Севери
Івана Середи вулиця	вулиця Івана Середи
Івана Сльоти вулиця	вулиця Івана Сльоти
Івана Смереки вулиця	вулиця Івана Смереки
Івана Сулими вулиця	вулиця Івана Сулими
Івана Сулими вулиця / Олеся Гончара вулиця	вулиця Івана Сулими / вулиця Олеся Гончара
Івана Труби вулиця	вулиця Івана Труби
Івана Хмари вулиця	вулиця Івана Хмари
Івана Чмоли вулиця	вулиця Івана Чмоли
Івана Чорнобаби вулиця	вулиця Івана Чорнобаби
Іванв Мазепи вулиця	вулиця Іванв Мазепи
Ігоря Римара та Сергія Ковриги вулиця	вулиця Ігоря Римара та Сергія Ковриги
Ігоря Сливки вулиця	вулиця Ігоря Сливки
Ігоря Щербини вулиця	вулиця Ігоря Щербини
Іди Лауди вулиця	вулиця Іди Лауди
Іліци вулиця	вулиця Іліци
Іллі Калини вулиця	вулиця Іллі Калини
Іллі Шанти вулиця	вулиця Іллі Шанти
Ім. М. Щербини вулиця	вулиця імені М. Щербини
ім.Лесі Українки вулиця	вулиця імені Лесі Українки
Іона Cбієри вулиця	вулиця Іона Cбієри
Іржі Ружички вулиця	вулиця Іржі Ружички
Ірхи вулиця	вулиця Ірхи
Іскри вулиця	вулиця Іскри
Іштвана Гелея Катони вулиця	вулиця Іштвана Гелея Катони
Йозефа Главки вулиця	вулиця Йозефа Главки
Йосипа Гавелки вулиця	вулиця Йосипа Гавелки
Кабули вулиця	вулиця Кабули
Калахани вулиця	вулиця Калахани
Калини вулиця	вулиця Калини
Кампанелли вулиця	вулиця Кампанелли
Кандиби вулиця	вулиця Кандиби
Капітана Зоти вулиця	вулиця Капітана Зоти
Каптори вулиця	вулиця Каптори
Карацюпи вулиця	вулиця Карацюпи
Карвасари вулиця	вулиця Карвасари
Кари вулиця	вулиця Кари
Каріди вулиця	вулиця Каріди
Карпати вулиця	вулиця Карпати
Карпатської України вулиця	вулиця Карпатської України
Карпи вулиця	вулиця Карпи
Картави вулиця	вулиця Картави
Каруни вулиця	вулиця Каруни
Катани вулиця	вулиця Катани
Катерини Бранки вулиця	вулиця Катерини Бранки
Катранджи вулиця	вулиця Катранджи
Катранжи вулиця	вулиця Катранжи
Каховки вулиця	вулиця Каховки
Качали вулиця	вулиця Качали
Качалоби вулиця	вулиця Качалоби
Качури вулиця	вулиця Качури
Кашуби вулиця	вулиця Кашуби
Квітки вулиця	вулиця Квітки
Квіткові Луки вулиця	вулиця Квіткові Луки
Кирнички вулиця	вулиця Кирнички
Кідри вулиця	вулиця Кідри
Клавдії Ємилянівни вулиця	вулиця Клавдії Ємилянівни
Клайпеди вулиця	вулиця Клайпеди
Клима Легенди вулиця	вулиця Клима Легенди
Клима Савури вулиця	вулиця Клима Савури
Климента Квітки вулиця	вулиця Климента Квітки
Княгині Інгігерди вулиця	вулиця Княгині Інгігерди
Княгині Ольги вулиця	вулиця Княгині Ольги
Княгині Ярославни вулиця	вулиця Княгині Ярославни
Княжни Гальшки вулиця	вулиця Княжни Гальшки
Кобаньки вулиця	вулиця Кобаньки
Кобилянської Ольги вулиця	вулиця Кобилянської Ольги
Ковалівки вулиця	вулиця Ковалівки
Ковриги вулиця	вулиця Ковриги
Кожем’яки вулиця	вулиця Кожемʼяки
Козака Бабури вулиця	вулиця Козака Бабури
Козака Гонти вулиця	вулиця Козака Гонти
Козака Івана Дудки вулиця	вулиця Козака Івана Дудки
Козака Сулими вулиця	вулиця Козака Сулими
Козацької слави вулиця	вулиця Козацької слави
Козацької Слави вулиця	вулиця Козацької Слави
Козацької Cлави вулиця	вулиця Козацької Cлави
Козачої Ради вулиця	вулиця Козачої Ради
Козиної Катерини вулиця	вулиця Козиної Катерини
Козьми вулиця	вулиця Козьми
Коки вулиця	вулиця Коки
Колесси вулиця	вулиця Колесси
Коло Ферми вулиця	вулиця Коло Ферми
Колосової Олени вулиця	вулиця Колосової Олени
Кольви вулиця	вулиця Кольви
Кольки вулиця	вулиця Кольки
Колюшки вулиця	вулиця Колюшки
Коляди вулиця	вулиця Коляди
Композитора Глінки вулиця	вулиця Композитора Глінки
Комсомолу України вулиця	вулиця Комсомолу України
Комсомольської Правди вулиця	вулиця Комсомольської Правди
Комуни вулиця	вулиця Комуни
Конотопської битви вулиця	вулиця Конотопської битви
Конотопської Битви вулиця	вулиця Конотопської Битви
Конституції України вулиця	вулиця Конституції України
Корди вулиця	вулиця Корди
Кордуби вулиця	вулиця Кордуби
Королеви Єлизавети вулиця	вулиця Королеви Єлизавети
Корости вулиця	вулиця Корости
Костенко Ліни вулиця	вулиця Костенко Ліни
Костини вулиця	вулиця Костини
Костюшки вулиця	вулиця Костюшки
Костянтина Реви вулиця	вулиця Костянтина Реви
Котляри вулиця	вулиця Котляри
Коцюби вулиця	вулиця Коцюби
Кочерги вулиця	вулиця Кочерги
Кочури вулиця	вулиця Кочури
Краєвски вулиця	вулиця Краєвски
Краматорської Правди вулиця	вулиця Краматорської Правди
Кривошти вулиця	вулиця Кривошти
Кринички вулиця	вулиця Кринички
Кропиви вулиця	вулиця Кропиви
Крошки вулиця	вулиця Крошки
Кружки вулиця	вулиця Кружки
Кубанської України вулиця	вулиця Кубанської України
Кулики вулиця	вулиця Кулики
Кульбаки вулиця	вулиця Кульбаки
Культури вулиця	вулиця Культури
Кульчики вулиця	вулиця Кульчики
Куприяна Тутки вулиця	вулиця Куприяна Тутки
Купчани вулиця	вулиця Купчани
Курінного Скуби вулиця	вулиця Курінного Скуби
Курінного Чорноти вулиця	вулиця Курінного Чорноти
Кути вулиця	вулиця Кути
Кутки вулиця	вулиця Кутки
Кучани вулиця	вулиця Кучани
Кучеряби вулиця	вулиця Кучеряби
Кучми вулиця	вулиця Кучми
Л. Коляди вулиця	вулиця Л. Коляди
Л. України вулиця	вулиця Л. України
Л. Українки вулиця	вулиця Л. Українки
Л.Кучми вулиця	вулиця Л. Кучми
Л.Українки вулиця	вулиця Л. Українки
Лабази вулиця	вулиця Лабази
Лаврентія Горки вулиця	вулиця Лаврентія Горки
Лагоди вулиця	вулиця Лагоди
Лагонди вулиця	вулиця Лагонди
Лани вулиця	вулиця Лани
Лати вулиця	вулиця Лати
Лаштоби вулиця	вулиця Лаштоби
Лева Падалки вулиця	вулиця Лева Падалки
Левади вулиця	вулиця Левади
Левка Крупи вулиця	вулиця Левка Крупи
Легейди вулиця	вулиця Легейди
Лелети вулиця	вулиця Лелети
Лемі Українки вулиця	вулиця Лемі Українки
Ленінської Іскри вулиця	вулиця Ленінської Іскри
Леоніда Кринички вулиця	вулиця Леоніда Кринички
Леоніда Полтави вулиця	вулиця Леоніда Полтави
Леоніли Заглади вулиця	вулиця Леоніли Заглади
Лесі Коцюби вулиця	вулиця Лесі Коцюби
Лесі Украінки вулиця	вулиця Лесі Украінки
Лесі Україїнки вулиця	вулиця Лесі Україїнки
Лесі України вулиця	вулиця Лесі України
Лесі Українии вулиця	вулиця Лесі Українии
Лесі Українки вулиця	вулиця Лесі Українки
Лесі УКраїнки вулиця	вулиця Лесі УКраїнки
ЛЕСІ УКРАЇНКИ вулиця	вулиця ЛЕСІ УКРАЇНКИ
Лесіі Укріїнки вулиця	вулиця Лесіі Укріїнки
Лесi Українки вулиця	вулиця Лесi Українки
Лети вулиця	вулиця Лети
Лешники вулиця	вулиця Лешники
Леcі Українки вулиця	вулиця Леcі Українки
Либи вулиця	вулиця Либи
Липки вулиця	вулиця Липки
Липники вулиця	вулиця Липники
Лівонабережна річки Кам’янки вулиця	вулиця Лівонабережна річки Камʼянки
Лідици вулиця	вулиця Лідици
Лізки вулиця	вулиця Лізки
Лікаря Парнети вулиця	вулиця Лікаря Парнети
Ліповки вулиця	вулиця Ліповки
Ліски вулиця	вулиця Ліски
Лободи вулиця	вулиця Лободи
Лози вулиця	вулиця Лози
Локоти вулиця	вулиця Локоти
Лубенської Республіки вулиця	вулиця Лубенської Республіки
Луги вулиця	вулиця Луги
Луки вулиця	вулиця Луки
Лумумби вулиця	вулиця Лумумби
Любави вулиця	вулиця Любави
Любини вулиця	вулиця Любини
Любки вулиця	вулиця Любки
Любові Забашти вулиця	вулиця Любові Забашти
Людвіга Свободи вулиця	вулиця Людвіга Свободи
Людмили Волошки вулиця	вулиця Людмили Волошки
Люльки вулиця	вулиця Люльки
Ляцьки вулиця	вулиця Ляцьки
Ляшуки вулиця	вулиця Ляшуки
М. Л. Рябухи вулиця	вулиця М. Л. Рябухи
М. Мандибури вулиця	вулиця М. Мандибури
М. Марини вулиця	вулиця М. Марини
М. Суботи вулиця	вулиця М. Суботи
М. Флори вулиця	вулиця М. Флори
М. Черемшини вулиця	вулиця М. Черемшини
М.Аззи вулиця	вулиця М. Аззи
М.Білошкури вулиця	вулиця М. Білошкури
Мазепи вулиця	вулиця Мазепи
Мазури вулиця	вулиця Мазури
Майби вулиця	вулиця Майби
Майбороди вулиця	вулиця Майбороди
Майора Міцули вулиця	вулиця Майора Міцули
Максима Козачини вулиця	вулиця Максима Козачини
Максима Поправки вулиця	вулиця Максима Поправки
Малки вулиця	вулиця Малки
Малюги вулиця	вулиця Малюги
Манжури вулиця	вулиця Манжури
Маніти вулиця	вулиця Маніти
Марангоза Миколи вулиця	вулиця Марангоза Миколи
Марії Підгірянки вулиця	вулиця Марії Підгірянки
Марії Слободівни вулиця	вулиця Марії Слободівни
Марії Шкаліберди вулиця	вулиця Марії Шкаліберди
Марійки Підгір’янки вулиця	вулиця Марійки Підгірʼянки
Марійки Підгірянки вулиця	вулиця Марійки Підгірянки
Марка Мурави вулиця	вулиця Марка Мурави
Марка Черемшини вулиця	вулиця Марка Черемшини
Марсельєзи вулиця	вулиця Марсельєзи
Мартина Небаби вулиця	вулиця Мартина Небаби
Мартинова Миколи вулиця	вулиця Мартинова Миколи
Марусі Богуславки вулиця	вулиця Марусі Богуславки
Марути вулиця	вулиця Марути
Мате Залки вулиця	вулиця Мате Залки
Матейки вулиця	вулиця Матейки
Матроса Кішки вулиця	вулиця Матроса Кішки
Матроса Кошки вулиця	вулиця Матроса Кошки
Мацегори вулиця	вулиця Мацегори
Мацути вулиця	вулиця Мацути
Мацюци вулиця	вулиця Мацюци
Мачулки вулиця	вулиця Мачулки
Маяки вулиця	вулиця Маяки
Маячки вулиця	вулиця Маячки
Медової Печери вулиця	вулиця Медової Печери
Межигороди вулиця	вулиця Межигороди
Мелетія Кічури вулиця	вулиця Мелетія Кічури
Мельники вулиця	вулиця Мельники
Меотіди вулиця	вулиця Меотіди
Метелови вулиця	вулиця Метелови
Микити Кожум’яки вулиця	вулиця Микити Кожумʼяки
Микити Швачки вулиця	вулиця Микити Швачки
Миколи Байди вулиця	вулиця Миколи Байди
Миколи Белими вулиця	вулиця Миколи Белими
Миколи Вашури вулиця	вулиця Миколи Вашури
Миколи Глінки вулиця	вулиця Миколи Глінки
Миколи Драгули вулиця	вулиця Миколи Драгули
Миколи Кукси вулиця	вулиця Миколи Кукси
Миколи Кучми вулиця	вулиця Миколи Кучми
Миколи Логойди вулиця	вулиця Миколи Логойди
Миколи Магери вулиця	вулиця Миколи Магери
Миколи Мацапури вулиця	вулиця Миколи Мацапури
Миколи Негоди вулиця	вулиця Миколи Негоди
Миколи Прищепи вулиця	вулиця Миколи Прищепи
Миколи Сироти вулиця	вулиця Миколи Сироти
Миколи Сікори вулиця	вулиця Миколи Сікори
Миколи Чирки вулиця	вулиця Миколи Чирки
Миколи Чури вулиця	вулиця Миколи Чури
Микули вулиця	вулиця Микули
Мирона Кордуби вулиця	вулиця Мирона Кордуби
Мирослава Іванюти вулиця	вулиця Мирослава Іванюти
Мирослава Мисли вулиця	вулиця Мирослава Мисли
Мирослави вулиця	вулиця Мирослави
Митрополита Петра Могили вулиця	вулиця Митрополита Петра Могили
Михайла Андрелли вулиця	вулиця Михайла Андрелли
Михайла Глінки вулиця	вулиця Михайла Глінки
Михайла Драй-Хмари вулиця	вулиця Михайла Драй-Хмари
Михайла Осадци вулиця	вулиця Михайла Осадци
Михайла Сороки вулиця	вулиця Михайла Сороки
Михайла Шалати вулиця	вулиця Михайла Шалати
Мишуги вулиця	вулиця Мишуги
Мігая Томпи вулиця	вулиця Мігая Томпи
Між Цвинтарями вулиця	вулиця Між Цвинтарями
Мікоти вулиця	вулиця Мікоти
Містки вулиця	вулиця Містки
Міські Загороди вулиця	вулиця Міські Загороди
Міськради вулиця	вулиця Міськради
Міхая Томпи вулиця	вулиця Міхая Томпи
Міхновського Миколи вулиця	вулиця Міхновського Миколи
Міцули вулиця	вулиця Міцули
Морґви вулиця	вулиця Морґви
Мордиги вулиця	вулиця Мордиги
Морської Піхоти вулиця	вулиця Морської Піхоти
Москаленки вулиця	вулиця Москаленки
Московської Олімпіади вулиця	вулиця Московської Олімпіади
Мостіпаки вулиця	вулиця Мостіпаки
Мотори вулиця	вулиця Мотори
Мочарки вулиця	вулиця Мочарки
Мошури вулиця	вулиця Мошури
Музики вулиця	вулиця Музики
Мурзи вулиця	вулиця Мурзи
Мури вулиця	вулиця Мури
Мухи вулиця	вулиця Мухи
Набережна Перемоги вулиця	вулиця Набережна Перемоги
Набережна Під Скелями вулиця	вулиця Набережна Під Скелями
Нагнибіди вулиця	вулиця Нагнибіди
Надбереги вулиця	вулиця Надбереги
Найди вулиця	вулиця Найди
Настишки вулиця	вулиця Настишки
Наталі Забіли вулиця	вулиця Наталі Забіли
Наталії Забіли вулиця	вулиця Наталії Забіли
Науки вулиця	вулиця Науки
Невмиваки вулиця	вулиця Невмиваки
Негоди вулиця	вулиця Негоди
Недзи вулиця	вулиця Недзи
Независимости вулиця	вулиця Независимости
Незалежної України вулиця	вулиця Незалежної України
Незалежності України вулиця	вулиця Незалежності України
Неруди вулиця	вулиця Неруди
Нестора Потєхи вулиця	вулиця Нестора Потєхи
Нетеси вулиця	вулиця Нетеси
Неходи вулиця	вулиця Неходи
Нечерди вулиця	вулиця Нечерди
Нивки вулиця	вулиця Нивки
Нижні Аджахи вулиця	вулиця Нижні Аджахи
Нижні Пасіки вулиця	вулиця Нижні Пасіки
Ніколи Тесли вулиця	вулиця Ніколи Тесли
Нікули вулиця	вулиця Нікули
Ніни Майбороди вулиця	вулиця Ніни Майбороди
Новики вулиця	вулиця Новики
Новини вулиця	вулиця Новини
Нові Луки вулиця	вулиця Нові Луки
Новобудови вулиця	вулиця Новобудови
Новостройки вулиця	вулиця Новостройки
О. Булиги вулиця	вулиця О. Булиги
О. Бурди вулиця	вулиця О. Бурди
О. Души вулиця	вулиця О. Души
О. Левади вулиця	вулиця О. Левади
О. Пчілки вулиця	вулиця О. Пчілки
О.Бурди вулиця	вулиця О. Бурди
О.Стеблини вулиця	вулиця О. Стеблини
О.Теліги вулиця	вулиця О. Теліги
О.Янати вулиця	вулиця О. Янати
Обічки вулиця	вулиця Обічки
Обліски вулиця	вулиця Обліски
Ободовської Раїси вулиця	вулиця Ободовської Раїси
Оборони вулиця	вулиця Оборони
Одухи вулиця	вулиця Одухи
Олевської Республіки вулиця	вулиця Олевської Республіки
Олега Кукси вулиця	вулиця Олега Кукси
Олександра Берези вулиця	вулиця Олександра Берези
Олександра Бершеди вулиця	вулиця Олександра Бершеди
Олександра Бринжали вулиця	вулиця Олександра Бринжали
Олександра Говорухи вулиця	вулиця Олександра Говорухи
Олександра Завірюхи вулиця	вулиця Олександра Завірюхи
Олександра Ковіньки вулиця	вулиця Олександра Ковіньки
Олександра Козьми вулиця	вулиця Олександра Козьми
Олександра Кукурби вулиця	вулиця Олександра Кукурби
Олександра Мигуши вулиця	вулиця Олександра Мигуши
Олександра Мишуги вулиця	вулиця Олександра Мишуги
Олександра Найди вулиця	вулиця Олександра Найди
Олександра Смакули вулиця	вулиця Олександра Смакули
Олександра Стойки вулиця	вулиця Олександра Стойки
Олександра Хіри вулиця	вулиця Олександра Хіри
Олександра Чайки вулиця	вулиця Олександра Чайки
Олександра Янати вулиця	вулиця Олександра Янати
Олекси Кузьми вулиця	вулиця Олекси Кузьми
Олексія Братушки вулиця	вулиця Олексія Братушки
Олексія Галки вулиця	вулиця Олексія Галки
Олексія Заїки вулиця	вулиця Олексія Заїки
Олексія Калабішки вулиця	вулиця Олексія Калабішки
Олексія Поради вулиця	вулиця Олексія Поради
Олени Гандери вулиця	вулиця Олени Гандери
Олени Пчілки вулиця	вулиця Олени Пчілки
Олени Степанівни вулиця	вулиця Олени Степанівни
Олени Теліги вулиця	вулиця Олени Теліги
Ольги Щерби вулиця	вулиця Ольги Щерби
Оляндри вулиця	вулиця Оляндри
Омеляна Ломаки вулиця	вулиця Омеляна Ломаки
Оноди вулиця	вулиця Оноди
Онопи вулиця	вулиця Онопи
Опанаса Заливахи вулиця	вулиця Опанаса Заливахи
Орбіти вулиця	вулиця Орбіти
Оршанської Перемоги вулиця	вулиця Оршанської Перемоги
Осавула Василя Бурки вулиця	вулиця Осавула Василя Бурки
осаула Василя Бурки вулиця	вулиця осаула Василя Бурки
Осаула Василя Бурки вулиця	вулиця Осаула Василя Бурки
Освіти вулиця	вулиця Освіти
Осинки вулиця	вулиця Осинки
Осипенко Поліни вулиця	вулиця Осипенко Поліни
Остапа Вільшини вулиця	вулиця Остапа Вільшини
Остапа Оброци вулиця	вулиця Остапа Оброци
Остапа Пасіки вулиця	вулиця Остапа Пасіки
Отамана Ромашки вулиця	вулиця Отамана Ромашки
Отамана Чепіги вулиця	вулиця Отамана Чепіги
Отця Кашуби вулиця	вулиця Отця Кашуби
Отця Михайла Мосори вулиця	вулиця Отця Михайла Мосори
Отця Павла Кікти вулиця	вулиця Отця Павла Кікти
Отчізни вулиця	вулиця Отчізни
Охріма Судомори вулиця	вулиця Охріма Судомори
П. Дерези вулиця	вулиця П. Дерези
П. Комуни вулиця	вулиця П. Комуни
П. Могили вулиця	вулиця П. Могили
П. Мухи вулиця	вулиця П. Мухи
П. Шутки вулиця	вулиця П. Шутки
П.Кочерги вулиця	вулиця П. Кочерги
П.Тичини вулиця	вулиця П. Тичини
П'ятирічки вулиця	вулиця Пʼятирічки
П'ятихатки вулиця	вулиця Пʼятихатки
П’ятирічки вулиця	вулиця Пʼятирічки
П’ятихатки вулиця	вулиця Пʼятихатки
Павла Гребінки вулиця	вулиця Павла Гребінки
Павла Корчаки вулиця	вулиця Павла Корчаки
Павла Кошуби вулиця	вулиця Павла Кошуби
Павла Крючини вулиця	вулиця Павла Крючини
Павла Сороки вулиця	вулиця Павла Сороки
Павла Тичини вулиця	вулиця Павла Тичини
Павла Шейки вулиця	вулиця Павла Шейки
Падалки вулиця	вулиця Падалки
Пальохи вулиця	вулиця Пальохи
Памви Беринди вулиця	вулиця Памви Беринди
Памво Беринди вулиця	вулиця Памво Беринди
Панасюки вулиця	вулиця Панасюки
Панікахи вулиця	вулиця Панікахи
Парижської Комуни вулиця	вулиця Парижської Комуни
Паризької Коммуни вулиця	вулиця Паризької Коммуни
Паризької комуни вулиця	вулиця Паризької комуни
Паризької Комуни вулиця	вулиця Паризької Комуни
Паризьскої комуни вулиця	вулиця Паризьскої комуни
Партизан Глухівщини вулиця	вулиця Партизан Глухівщини
Партизанів Холодноярської республіки вулиця	вулиця Партизанів Холодноярської республіки
Партизанської Іскри вулиця	вулиця Партизанської Іскри
Партизанської слави вулиця	вулиця Партизанської слави
Пасіки вулиця	вулиця Пасіки
Пати вулиця	вулиця Пати
Патріарха Димитрія Яреми вулиця	вулиця Патріарха Димитрія Яреми
Патріотів України вулиця	вулиця Патріотів України
Патріса Лумумби вулиця	вулиця Патріса Лумумби
Пеньки вулиця	вулиця Пеньки
Перекопської Перемоги вулиця	вулиця Перекопської Перемоги
Переліски вулиця	вулиця Переліски
Перемоги вулиця	вулиця Перемоги
Переноги вулиця	вулиця Переноги
Переправи вулиця	вулиця Переправи
Першої Маївки вулиця	вулиця Першої Маївки
Першої П’ятирічки вулиця	вулиця Першої Пʼятирічки
Петлюри вулиця	вулиця Петлюри
Петра Біби вулиця	вулиця Петра Біби
Петра Бігми вулиця	вулиця Петра Бігми
Петра Василини вулиця	вулиця Петра Василини
Петра Васкули вулиця	вулиця Петра Васкули
Петра Вершигори вулиця	вулиця Петра Вершигори
Петра Вовни вулиця	вулиця Петра Вовни
Петра Вологи вулиця	вулиця Петра Вологи
Петра Гайдамаки вулиця	вулиця Петра Гайдамаки
Петра Гандзюри вулиця	вулиця Петра Гандзюри
Петра Жудри вулиця	вулиця Петра Жудри
Петра Забіли вулиця	вулиця Петра Забіли
Петра Качури вулиця	вулиця Петра Качури
Петра Мекелити вулиця	вулиця Петра Мекелити
Петра Могили вулиця	вулиця Петра Могили
Петра Полтави вулиця	вулиця Петра Полтави
Петра Сови вулиця	вулиця Петра Сови
Петра Янути вулиця	вулиця Петра Янути
Петренки вулиця	вулиця Петренки
Петриги вулиця	вулиця Петриги
Петрушки вулиця	вулиця Петрушки
Пилипа Хмари вулиця	вулиця Пилипа Хмари
Пилипи вулиця	вулиця Пилипи
Пігути вулиця	вулиця Пігути
Під Балками вулиця	вулиця Під Балками
Під Винниками вулиця	вулиця Під Винниками
Підгірянки вулиця	вулиця Підгірянки
Підзаграбки вулиця	вулиця Підзаграбки
Підкови вулиця	вулиця Підкови
Підланки вулиця	вулиця Підланки
Підліски вулиця	вулиця Підліски
Підопригори вулиця	вулиця Підопригори
Підсухи вулиця	вулиця Підсухи
Пінки вулиця	вулиця Пінки
Піонера Балабухи вулиця	вулиця Піонера Балабухи
Піонерської Слави вулиця	вулиця Піонерської Слави
Піски вулиця	вулиця Піски
Платона Майбороди вулиця	вулиця Платона Майбороди
площа Перемоги вулиця	вулиця Площа Перемоги
Площа Свободи вулиця	вулиця Площа Свободи
Побєди вулиця	вулиця Побєди
Поди вулиця	вулиця Поди
Подлєпи вулиця	вулиця Подлєпи
Позагороди вулиця	вулиця Позагороди
Покрови вулиця	вулиця Покрови
Поливоди вулиця	вулиця Поливоди
Половки вулиця	вулиця Половки
Полянки вулиця	вулиця Полянки
Померки вулиця	вулиця Померки
Помийники вулиця	вулиця Помийники
Помірки вулиця	вулиця Помірки
Попівки вулиця	вулиця Попівки
Посяди вулиця	вулиця Посяди
Почеми вулиця	вулиця Почеми
Правди вулиця	вулиця Правди
Празької Весни вулиця	вулиця Празької Весни
Преси вулиця	вулиця Преси
Прийми вулиця	вулиця Прийми
Притули вулиця	вулиця Притули
Пріски вулиця	вулиця Пріски
Пролетарської Перемоги вулиця	вулиця Пролетарської Перемоги
Просвіти вулиця	вулиця Просвіти
Проскури вулиця	вулиця Проскури
Професора Сливки вулиця	вулиця Професора Сливки
Професора Шульги вулиця	вулиця Професора Шульги
Професора Якима Яреми вулиця	вулиця Професора Якима Яреми
Пужмерки вулиця	вулиця Пужмерки
Пукеци вулиця	вулиця Пукеци
Путрівська вулиця - Лесі Українки вулиця	Путрівська вулиця - вулиця Лесі Українки
Пчілки вулиця	вулиця Пчілки
Пятихатки вулиця	вулиця Пʼятихатки
Р. Макухи вулиця	вулиця Р. Макухи
Ради Європи вулиця	вулиця Ради Європи
Радянської Буковини вулиця	вулиця Радянської Буковини
Радянської України вулиця	вулиця Радянської України
Райради вулиця	вулиця Райради
Ракеша Шарми вулиця	вулиця Ракеша Шарми
Рашови вулиця	вулиця Рашови
Реви вулиця	вулиця Реви
Республіки вулиця	вулиця Республіки
Рибки вулиця	вулиця Рибки
Річки вулиця	вулиця Річки
Родини Кузьми вулиця	вулиця Родини Кузьми
Розваги вулиця	вулиця Розваги
Розвідниці Зіни вулиця	вулиця Розвідниці Зіни
Розмаріци вулиця	вулиця Розмаріци
Рокитки вулиця	вулиця Рокитки
Роксолани вулиця	вулиця Роксолани
Роксоляни вулиця	вулиця Роксоляни
Романа Балаби вулиця	вулиця Романа Балаби
Романа Тяки вулиця	вулиця Романа Тяки
Ротонди вулиця	вулиця Ротонди
Рощини вулиця	вулиця Рощини
Рудяги вулиця	вулиця Рудяги
Руслана Степури вулиця	вулиця Руслана Степури
Рябошапки вулиця	вулиця Рябошапки
С. Бандери вулиця	вулиця С. Бандери
С. Закори вулиця	вулиця С. Закори
С. Ковіти вулиця	вулиця С. Ковіти
С. Ковриги вулиця	вулиця С. Ковриги
С.Бандери вулиця	вулиця С. Бандери
С.І. Байди вулиця	вулиця С. І. Байди
Савеги вулиця	вулиця Савеги
Сагани вулиця	вулиця Сагани
Сади вулиця	вулиця Сади
Садиби вулиця	вулиця Садиби
Садики вулиця	вулиця Садики
Садова провулок чи вулиця?	Садова
Салганні піски вулиця	вулиця Салганні Піски
Самари вулиця	вулиця Самари
Самійла Кішки вулиця	вулиця Самійла Кішки
Самійло Кішки вулиця	вулиця Самійло Кішки
Саморухи вулиця	вулиця Саморухи
Сарани вулиця	вулиця Сарани
Свиди вулиця	вулиця Свиди
Свірси вулиця	вулиця Свірси
Світлани Малюги вулиця	вулиця Світлани Малюги
Свободи вулиця	вулиця Свободи
Святителя-хірурга Луки вулиця	вулиця Святителя-хірурга Луки
Святої Варвари вулиця	вулиця Святої Варвари
Святої Діани вулиця	вулиця Святої Діани
Святої Покрови вулиця	вулиця Святої Покрови
Селянка України вулиця	вулиця Селянка України
Семена Петлюри вулиця	вулиця Семена Петлюри
Семереньки вулиця	вулиця Семереньки
Семиліски вулиця	вулиця Семиліски
Семирічки вулиця	вулиця Семирічки
Сергія Білохи вулиця	вулиця Сергія Білохи
Сергія Заїки вулиця	вулиця Сергія Заїки
Сергія Закори вулиця	вулиця Сергія Закори
Сергія Кародобри вулиця	вулиця Сергія Кародобри
Сергія Рябухи вулиця	вулиця Сергія Рябухи
Сергія Цімботи вулиця	вулиця Сергія Цімботи
Середи вулиця	вулиця Середи
Сержанта Жужоми вулиця	вулиця Сержанта Жужоми
Симона Петлюри вулиця	вулиця Симона Петлюри
Симона Петлюри вулиця - Дубенська вулиця	вулиця Симона Петлюри - Дубенська вулиця
Симона Петрлюри вулиця	вулиця Симона Петрлюри
Синагоги вулиця	вулиця Синагоги
Сільгосптехніки вулиця	вулиця Сільгосптехніки
Сім'ї Деміди вулиця	вулиця Сімʼї Деміди
Сімї Деміди вулиця	вулиця Сімʼї Деміди
Скадовської авіагрупи вулиця	вулиця Скадовської Авіагрупи
Скиби вулиця	вулиця Скиби
Скирди вулиця	вулиця Скирди
Сковороди вулиця	вулиця Сковороди
Скоробрехи вулиця	вулиця Скоробрехи
Слави вулиця	вулиця Слави
Сливи вулиця	вулиця Сливи
Слободи вулиця	вулиця Слободи
Смакули вулиця	вулиця Смакули
Снайпера Красношапки вулиця	вулиця Снайпера Красношапки
Соборної України вулиця	вулиця Соборної України
Соборності України вулиця	вулиця Соборності України
Содомори вулиця	вулиця Содомори
Солдатської Слави вулиця	вулиця Солдатської Слави
Сопілки вулиця	вулиця Сопілки
Сосюри вулиця	вулиця Сосюри
Сотника Михайла Майбороди вулиця	вулиця Сотника Михайла Майбороди
Сотника Перемоги вулиця	вулиця Сотника Перемоги
Сотника УПА Бурлаки вулиця	вулиця Сотника УПА Бурлаки
Софронія Костири вулиця	вулиця Софронія Костири
Спінози вулиця	вулиця Спінози
Ставки вулиця	вулиця Ставки
Сталевара Галушки вулиця	вулиця Сталевара Галушки
Сталіградської битви вулиця	вулиця Сталіградської Битви
Станівки вулиця	вулиця Станівки
Старики вулиця	вулиця Старики
Старі Вали вулиця	вулиця Старі Вали
Старшини Берізки вулиця	вулиця Старшини Берізки
Старшого лейтенанта Маци вулиця	вулиця Старшого лейтенанта Маци
Стачки вулиця	вулиця Стачки
Стеби вулиця	вулиця Стеби
Стежки вулиця	вулиця Стежки
Степана Бандери вулиця	вулиця Степана Бандери
Степана Вайди вулиця	вулиця Степана Вайди
Степана Дуки вулиця	вулиця Степана Дуки
Степана Качали вулиця	вулиця Степана Качали
Степана Кожум’ яки вулиця	вулиця Степана Кожумʼяки
Степана Кожум’яки вулиця	вулиця Степана Кожумʼяки
Степана Либи вулиця	вулиця Степана Либи
Степана Росохи вулиця	вулиця Степана Росохи
Степана Степи вулиця	вулиця Степана Степи
Степана Тарабалки вулиця	вулиця Степана Тарабалки
Степана Тільги вулиця	вулиця Степана Тільги
Стефанії Шабатури вулиця	вулиця Стефанії Шабатури
Стовби вулиця	вулиця Стовби
Стожари вулиця	вулиця Стожари
Стрілецької Слави вулиця	вулиця Стрілецької Слави
Ступки вулиця	вулиця Ступки
Суботи вулиця	вулиця Суботи
Суздальські Ряди вулиця	вулиця Суздальські Ряди
Суконьки вулиця	вулиця Суконьки
Сулими вулиця	вулиця Сулими
Суліми вулиця	вулиця Суліми
Сумської Артбригади вулиця	вулиця Сумської Артбригади
Сухини вулиця	вулиця Сухини
Східної сакури вулиця	вулиця Східної Сакури
Тараса Бульби вулиця	вулиця Тараса Бульби
Тараса Карпи вулиця	вулиця Тараса Карпи
Тараса Чупринки вулиця	вулиця Тараса Чупринки
Тараса Шевченка / Лесі Українки вулиця	вулиця Тараса Шевченка / вулиця Лесі Українки
Таратути вулиця	вулиця Таратути
Теліги вулиця	вулиця Теліги
Теодозія Савки вулиця	вулиця Теодозія Савки
тер.Сільгосптехніки вулиця	вулиця тер. Сільгосптехніки
Терешкової Валентини вулиця	вулиця Валентини Терешкової
Територіальної Оборони вулиця	вулиця Територіальної Оборони
Тероборони вулиця	вулиця Тероборони
Тетяни Абдули вулиця	вулиця Тетяни Абдули
Тетяни Пати вулиця	вулиця Тетяни Пати
Тетяни Соломахи вулиця	вулиця Тетяни Соломахи
Тетянчуки вулиця	вулиця Тетянчуки
Тимка Падури вулиця	вулиця Тимка Падури
Тирси вулиця	вулиця Тирси
Тисячники вулиця	вулиця Тисячники
Тихона Мандри вулиця	вулиця Тихона Мандри
Тичини вулиця	вулиця Тичини
Тодося Осмачки вулиця	вулиця Тодося Осмачки
Тодося Осьмачки вулиця	вулиця Тодося Осьмачки
Топіхи вулиця	вулиця Топіхи
Топольки вулиця	вулиця Топольки
Третьої П’ятирічки вулиця	вулиця Третьої Пʼятирічки
Тридцятиріччя Перемоги вулиця	вулиця Тридцятиріччя Перемоги
Тромси вулиця	вулиця Тромси
Трохима Верхоли вулиця	вулиця Трохима Верхоли
Троянди вулиця	вулиця Троянди
Трудової Слави вулиця	вулиця Трудової Слави
Тулузи вулиця	вулиця Тулузи
Турушки вулиця	вулиця Турушки
Ударників п’ятирічки вулиця	вулиця Ударників Пʼятирічки
України вулиця	вулиця України
Українки вулиця	вулиця Українки
Української Головної Визвольної Ради вулиця	вулиця Української Головної Визвольної Ради
Української Народної Республіки вулиця	вулиця Української Народної Республіки
Української Перемоги вулиця	вулиця Української Перемоги
Урочище Дубки вулиця	вулиця Урочище Дубки
Усадьби вулиця	вулиця Усадьби
Устини вулиця	вулиця Устини
Уфи вулиця	вулиця Уфи
Ф. Валявки вулиця	вулиця Ф. Валявки
Фалібоги вулиця	вулиця Фалібоги
Федора Капусти вулиця	вулиця Федора Капусти
Федора Лободи вулиця	вулиця Федора Лободи
Федора Фекети вулиця	вулиця Федора Фекети
Федори Лебіги вулиця	вулиця Федори Лебіги
Федоряки вулиця	вулиця Федоряки
Федюри вулиця	вулиця Федюри
Фідзюри вулиця	вулиця Фідзюри
Фізкультури вулиця	вулиця Фізкультури
Філарета Колесси вулиця	вулиця Філарета Колесси
Фільварки вулиця	вулиця Фільварки
Франциска Скорини вулиця	вулиця Франциска Скорини
Хатки вулиця	вулиця Хатки
Хвасти вулиця	вулиця Хвасти
Хмари вулиця	вулиця Хмари
Холодноярської Бригади вулиця	вулиця Холодноярської Бригади
Холодноярської Республіки вулиця	вулиця Холодноярської Республіки
Хомутини вулиця	вулиця Хомутини
Хондоги вулиця	вулиця Хондоги
хутір Гатки вулиця	вулиця Хутір Гатки
Хутір Гатки вулиця	вулиця Хутір Гатки
Хутір Марущаки вулиця	вулиця Хутір Марущаки
Хутір Саси вулиця	вулиця Хутір Саси
Цвяхи вулиця	вулиця Цвяхи
Центральної Ради вулиця	вулиця Центральної Ради
Цибори вулиця	вулиця Цибори
Цини вулиця	вулиця Цини
Ципки вулиця	вулиця Ципки
Цюрупи вулиця	вулиця Цюрупи
Чайки вулиця	вулиця Чайки
Чайкіної Лізи вулиця	вулиця Чайкіної Лізи
Червоні Гірки вулиця	вулиця Червоні Гірки
Червоні Казарми вулиця	вулиця Червоні Казарми
Червоні Ряди вулиця	вулиця Червоні Ряди
Червоної Зірки вулиця	вулиця Червоної Зірки
Червоної Калини вулиця	вулиця Червоної Калини
Червоної Кінноти вулиця	вулиця Червоної Кінноти
Червоної Рози вулиця	вулиця Червоної Рози
Черемушки вулиця	вулиця Черемушки
Черемшини вулиця	вулиця Черемшини
Черепки вулиця	вулиця Черепки
Черкаської Слави вулиця	вулиця Черкаської Слави
Чернеги вулиця	вулиця Чернеги
Чернухи вулиця	вулиця Чернухи
Чернушки вулиця	вулиця Чернушки
Черьомушки вулиця	вулиця Черьомушки
Чеської Ліпи вулиця	вулиця Чеської Ліпи
Чехи вулиця	вулиця Чехи
Чигирин-Діброви вулиця	вулиця Чигирин-Діброви
Чигри вулиця	вулиця Чигри
Чингавки вулиця	вулиця Чингавки
Чисті Пруди вулиця	вулиця Чисті Пруди
Чотирьохсотріччя Шепетівки вулиця	вулиця Чотирьохсотріччя Шепетівки
Чупаки вулиця	вулиця Чупаки
Чупилки вулиця	вулиця Чупилки
Чупринки вулиця	вулиця Чупринки
Чураївни вулиця	вулиця Чураївни
Чучвари вулиця	вулиця Чучвари
Шабовти вулиця	вулиця Шабовти
Шаболти вулиця	вулиця Шаболти
Шави вулиця	вулиця Шави
Шагайди вулиця	вулиця Шагайди
Шадури вулиця	вулиця Шадури
Шалабали вулиця	вулиця Шалабали
Шарки вулиця	вулиця Шарки
Шатили вулиця	вулиця Шатили
Шаули вулиця	вулиця Шаули
Шахтарської слави вулиця	вулиця Шахтарської Слави
Шахтарської Слави вулиця	вулиця Шахтарської Слави
Шевели вулиця	вулиця Шевели
Шептухи вулиця	вулиця Шептухи
Шеремети вулиця	вулиця Шеремети
Шибуньки вулиця	вулиця Шибуньки
Шикули вулиця	вулиця Шикули
Шимончуки вулиця	вулиця Шимончуки
Шкаруби вулиця	вулиця Шкаруби
Шковороди вулиця	вулиця Шковороди
Шконди вулиця	вулиця Шконди
Шлях Свободи вулиця	вулиця Шлях Свободи
Шполки вулиця	вулиця Шполки
Шпорти вулиця	вулиця Шпорти
Шуди вулиця	вулиця Шуди
Шуліки вулиця	вулиця Шуліки
Шульги вулиця	вулиця Шульги
Шуруби вулиця	вулиця Шуруби
Щави вулиця	вулиця Щави
Щерби вулиця	вулиця Щерби
Щербини вулиця	вулиця Щербини
Щецури вулиця	вулиця Щецури
Щучки вулиця	вулиця Щучки
Ю. Липи вулиця	вулиця Ю. Липи
Юрія Венеліна-Гуци вулиця	вулиця Юрія Венеліна-Гуци
Юрія Гойди вулиця	вулиця Юрія Гойди
Юрія Левади вулиця	вулиця Юрія Левади
Юрія Липи вулиця	вулиця Юрія Липи
Юрія Маргіти вулиця	вулиця Юрія Маргіти
Юрія Поправки вулиця	вулиця Юрія Поправки
Юрія Чепиги вулиця	вулиця Юрія Чепиги
Юрчики вулиця	вулиця Юрчики
Юхима Бунди вулиця	вулиця Юхима Бунди
Я. Бурлаки вулиця	вулиця Я. Бурлаки
Я. Купали вулиця	вулиця Я. Купали
Якима Лелеки вулиця	вулиця Якима Лелеки
Якова Завірюхи вулиця	вулиця Якова Завірюхи
Якова Качури вулиця	вулиця Якова Качури
Якова Підопригори вулиця	вулиця Якова Підопригори
Ялти вулиця	вулиця Ялти
Яна Жижки вулиця	вулиця Яна Жижки
Яна Конопки вулиця	вулиця Яна Конопки
Яна Налепки вулиця	вулиця Яна Налепки
Янки Купали вулиця	вулиця Янки Купали
Яреми вулиця	вулиця Яреми
Ярки вулиця	вулиця Ярки
Ярослава Кондри вулиця	вулиця Ярослава Кондри
Ярослава Музики вулиця	вулиця Ярослава Музики
Ярославни вулиця	вулиця Ярославни
Яцини вулиця	вулиця Яцини
Яцюти вулиця	вулиця Яцюти
I. Лауди вулиця	вулиця I. Лауди
Анкари площа	площа Анкари
Басюли провулок	провулок Басюли
Берізки провулок	провулок Берізки
Бешти провулок	провулок Бешти
Бірки урочище	урочище Бірки
Бурки провулок	провулок Бурки
Волновахи провулок	провулок Волновахи
Галшки Гулевичівни провулок	провулок Галшки Гулевичівни
Гармати провулок	провулок Гармати
Герасюти провулок	провулок Герасюти
Герман Шахли провулок	провулок Герман Шахли
Героїв Охтирки провулок	провулок Героїв Охтирки
Героїв України в’їзд	вʼїзд Героїв України
Героїв України площа	площа Героїв України
Героїв України провулок	провулок Героїв України
Героїв України проспект	проспект Героїв України
Городи провулок	провулок Городи
Дацуги провулок	провулок Дацуги
Доброти провулок	провулок Доброти
Дружби бульвар	бульвар Дружби
Дружби в'їзд	вʼїзд Дружби
Дружби в’їзд	вʼїзд Дружби
Дружби площа	площа Дружби
Дружби провулок	провулок Дружби
Дружби проспект	проспект Дружби
Жеваги провулок	провулок Жеваги
Захисників України провулок	провулок Захисників України
Захисників України проспект	проспект Захисників України
Збройних Сил України в'їзд	вʼїзд Збройних Сил України
Звитяги площа	площа Звитяги
Землячки провулок	провулок Землячки
Злагоди провулок	провулок Злагоди
Злуки площа	площа Злуки
Злуки провулок	провулок Злуки
Злуки проспект	проспект Злуки
Кабули провулок	провулок Кабули
Кожем’яки провулок	провулок Кожемʼяки
Коки провулок	провулок Коки
Конотопської Битви площа	площа Конотопської Битви
Кудрянки провулок	провулок Кудрянки
Кулайстри провулок	провулок Кулайстри
Культури в’їзд	вʼїзд Культури
Культури площа	площа Культури
Культури провулок	провулок Культури
Культури проспект	проспект Культури
Ладо Кецховели провулок	провулок Ладо Кецховели
Луги провулок	провулок Луги
Люльки провулок	провулок Люльки
Мате Залки провулок	провулок Мате Залки
Мельники провулок	провулок Мельники
Меотиди бульвар	бульвар Меотиди
Минки провулок	провулок Минки
Мирводи провулок	провулок Мирводи
Між Дорогами урочище	урочище Між Дорогами
Морґви провулок	провулок Морґви
Мотузи провулок	провулок Мотузи
Науки провулок	провулок Науки
Науки проспект	проспект Науки
Національної Гвардії України провулок	провулок Національної Гвардії України
Небесной Сотни проспект	проспект Небесной Сотни
Независимости бульвар	бульвар Независимости
Незалежності України провулок	провулок Незалежності України
Оборони провулок	провулок Оборони
Одухи провулок	провулок Одухи
Олевської Республіки провулок	провулок Олевської Республіки
Освіти провулок	провулок Освіти
П'ятихатки провулок	провулок Пʼятихатки
П’ятихатки провулок	провулок Пʼятихатки
Паризької Комуни провулок	провулок Паризької Комуни
Пеньки провулок	провулок Пеньки
Перемоги бульвар	бульвар Перемоги
Перемоги в'їзд	вʼїзд Перемоги
Перемоги в’їзд	вʼїзд Перемоги
Перемоги площа	площа Перемоги
Перемоги провулок	провулок Перемоги
Перемоги проспект	проспект Перемоги
Піськи провулок	провулок Піски
Площі Свободи провулок	провулок площі Свободи
Побєди бульвар	бульвар Побєди
Побєди провулок	провулок Побєди
Покрови провулок	провулок Покрови
Посяди провулок	провулок Посяди
Преси провулок	провулок Преси
Пролетарської Перемоги провулок	провулок Пролетарської Перемоги
Просвіти бульвар	бульвар Просвіти
Просвіти в’їзд	вʼїзд Просвіти
Просвіти провулок	провулок Просвіти
Розмаріци провулок	провулок Розмаріци
Ротонди провулок	провулок Ротонди
Саморухи провулок	провулок Саморухи
Свободи бульвар	бульвар Свободи
Свободи площа	площа Свободи
Свободи провулок	провулок Свободи
Свободи проспект	проспект Свободи
Святої Покрови провулок	провулок Святої Покрови
Сільгосптехніки провулок	провулок Сільгосптехніки
Скорботи площа	площа Скорботи
Тарасики провулок	провулок Тарасики
Ткацької фабрики урочище	урочище Ткацької Фабрики
України площа	площа України
Фізкультури провулок	провулок Фізкультури
Черепки провулок	провулок Черепки
Чикирди провулок	провулок Чикирди
Шахтарської слави площа	площа Шахтарської Слави
Язвини провулок	провулок Язвини
Ярмолюки провулок	провулок Ярмолюки