Аварійний провулок	Аварійний провулок
Авіаційний провулок	Авіаційний провулок
Автобусний провулок	Автобусний провулок
Аеродромний провулок	Аеродромний провулок
Алейний провулок	Алейний провулок
Алмазний провулок	Алмазний провулок
Алмазний проїзд	Алмазний проїзд
Алмазний тупик	Алмазний тупик
Баласний провулок	Баласний провулок
Банний провулок	Банний провулок
Банний спуск	Банний спуск
Баркасний провулок	Баркасний провулок
Барчаний провулок	Барчаний провулок
Басейний провулок	Басейний провулок
Басейний проїзд	Басейний проїзд
Басейний тупик	Басейний тупик
Батарейний провулок	Батарейний провулок
Баштанний провулок	Баштанний провулок
Бджолиний провулок	Бджолиний провулок
Безіменний провулок	Безіменний провулок
Безіменний проїзд	Безіменний проїзд
Безімʼянний провулок	Безімʼянний провулок
Білокамінний провулок	Білокамінний провулок
Благовісний провулок	Благовісний провулок
Вагонобудівний провулок	Вагонобудівний провулок
Ванний провулок	Ванний провулок
Вербний провулок	Вербний провулок
Вербний проїзд	Вербний проїзд
Верболозний провулок	Верболозний провулок
Верстатобудівний провулок	Верстатобудівний провулок
Верхний квартал	Верхний квартал
Верхний тупик	Верхний тупик
Вишиваний провулок	Вишиваний провулок
Відбійний провулок	Відбійний провулок
Відкісний провулок	Відкісний провулок
Візний вулиця	Візний вулиця
Водопійний провулок	Водопійний провулок
Воєнний провулок	Воєнний провулок
Врожайний провулок	Врожайний провулок
Врожайний проїзд	Врожайний проїзд
Вузькоколійний провулок	Вузькоколійний провулок
вулиця Зелений Гай	вулиця Зелений Гай
Галерейний в’їзд	Галерейний вʼїзд
Гімназійний провулок	Гімназійний провулок
Глінний провулок	Глінний провулок
Головний провулок	Головний провулок
Голуб’яча вулиця	Голубʼяча вулиця
Голубиний провулок	Голубиний провулок
Грибний проїзд	Грибний проїзд
Гуменний провулок	Гуменний провулок
Гусяча вулиця	Гусяча вулиця
Двохрамний провулок	Двохрамний провулок
Деревообробний провулок	Деревообробний провулок
Дитяча вулиця	Дитяча вулиця
Довгожданий провулок	Довгожданий провулок
Доменний провулок	Доменний провулок
Електровозний в’їзд	Електровозний вʼїзд
Електровозний провулок	Електровозний провулок
Електровозний проїзд	Електровозний проїзд
Живописний завулок	Живописний завулок
Живописний провулок	Живописний провулок
Житлобудівний провулок	Житлобудівний провулок
Житлобудівний проїзд	Житлобудівний проїзд
Загуменний провулок	Загуменний провулок
Залізний провулок	Залізний провулок
Залінійний провулок	Залінійний провулок
Замкнений провулок	Замкнений провулок
Запасний провулок	Запасний провулок
Запашний провулок	Запашний провулок
Заплавний провулок	Заплавний провулок
Затишний провулок	Затишний провулок
Затишний проїзд	Затишний проїзд
Затишний тупик	Затишний тупик
Захисний провулок	Захисний провулок
Звичайний провулок	Звичайний провулок
Зелений Беріг вулиця	вулиця Зелений Беріг
Зелений бульвар	Зелений бульвар
Зелений в'їзд	Зелений вʼїзд
Зелений в’їзд	Зелений вʼїзд
Зелений гай вулиця	вулиця Зелений Гай 
Зелений Гай вулиця	вулиця Зелений Гай
Зелений Гай провулок	провулок Зелений Гай
Зелений клин вулиця	вулиця Зелений Клин
Зелений Клин вулиця	вулиця Зелений Клин
Зелений кут вулиця	вулиця Зелений Кут
Зелений Кут вулиця	вулиця Зелений Кут
Зелений Лан вулиця	вулиця Зелений Лан
Зелений Луг вулиця	вулиця Зелений Луг
Зелений Лужок вулиця	вулиця Зелений Лужок
Зелений мікрорайон	Зелений мікрорайон
Зелений Острів вулиця	вулиця Зелений Острів
Зелений перевулок	Зелений перевулок
Зелений провулок	Зелений провулок
Зелений проїзд	Зелений проїзд
Зелений проспект	Зелений проспект
Зелений Сад вулиця	вулиця Зелений Сад
Зелений склон	Зелений склон
Зелений тунель	Зелений тунель
Зелений тупик	Зелений тупик
Зелений Хутір вулиця	вулиця Зелений Хутір
Зелений яр вулиця	вулиця Зелений Яр
Зелений Яр вулиця	вулиця Зелений Яр
Зелений Яр провулок	провулок Зелений Яр
Земний провулок	Земний провулок
Зимовний провулок	Зимовний провулок
Інвентаризаційний провулок	Інвентаризаційний провулок
Іподромний провулок	Іподромний провулок
Іподромний проїзд	Іподромний проїзд
Кабаний перевал	Кабаний перевал
Казарменний провулок	Казарменний провулок
Казенний провулок	Казенний провулок
Каркасний провулок	Каркасний провулок
квартал Ювілейний	Ювілейний квартал
Кінний провулок	Кінний провулок
Клубний в’їзд	Клубний вʼїзд
Клубний провулок	Клубний провулок
Клубний узвіз	Клубний узвіз
Кожевний провулок	Кожевний провулок
Колгоспний в’їзд	Колгоспний вʼїзд
Колгоспний провулок	Колгоспний провулок
Колгоспний проспект	Колгоспний проспект
Колодязний в’їзд	Колодязний вʼїзд
Колодязний провулок	Колодязний провулок
Колодязьний провулок	Колодязьний провулок
Комерційний провулок	Комерційний провулок
Компасний провулок	Компасний провулок
Консервний провулок	Консервний провулок
Конюшенний провулок	Конюшенний провулок
Корпусний провулок	Корпусний провулок
Красний Комунар вулиця	вулиця Красний Комунар
Красний Маяк вулиця	вулиця Красний Маяк
Красний Посьолок вулиця	вулиця Красний Посьолок
Красний провулок	Красний провулок
Красний Ріг вулиця	вулиця Красний Ріг
Красний содовець вулиця	вулиця Красний Содовець
Красний шахтар вулиця	вулиця Красний Шахтар
Кріпосний Вал вулиця	вулиця Кріпосний Вал
Кріпосний провулок	Кріпосний провулок
Кручений провулок	Кручений провулок
Купоросний провулок	Купоросний провулок
Курганний провулок	Курганний провулок
Курінний провулок	Курінний провулок
Ламаний провулок	Ламаний провулок
Ластів’яча вулиця	Ластівʼяча вулиця
Лиманний провулок	Лиманний провулок
Лікарнянний провулок	Лікарнянний провулок
Лілейний провулок	Лілейний провулок
Лінійний провулок	Лінійний провулок
Лінійний проїзд	Лінійний проїзд
Лініний провулок	Лініний провулок
Лісний в’їзд	Лісний вʼїзд
Лісний Масив вулиця	вулиця Лісний Масив
Лісний провулок	Лісний провулок
Лісний хутір	Лісний хутір
Лісозахисний провулок	Лісозахисний провулок
Літописний провулок	Літописний провулок
Ліцейний провулок	Ліцейний провулок
Ломаний провулок	Ломаний провулок
Лунний провулок	Лунний провулок
М’ясний провулок	Мʼясний провулок
Малофонтанний спуск	Малофонтанний спуск
Машинобудівний в’їзд	Машинобудівний вʼїзд
Машинобудівний провулок	Машинобудівний провулок
Металургійний провулок	Металургійний провулок
Метизний провулок	Метизний провулок
Миролюбний провулок	Миролюбний провулок
Мотокросний провулок	Мотокросний провулок
Мрійний провулок	Мрійний провулок
Музейний провулок	Музейний провулок
Навігаційний провулок	Навігаційний провулок
Насипний міст	Насипний міст
Насипний провулок	Насипний провулок
Наскрізний провулок	Наскрізний провулок
Насосний провулок	Насосний провулок
Новомісний провулок	Новомісний провулок
Новоселищний провулок	Новоселищний провулок
Новоселищний проїзд	Новоселищний проїзд
Новощіпний ряд вулиця	вулиця Новощіпний Ряд
Обʼїзний провулок	Обʼїзний провулок
Окопний провулок	Окопний провулок
Окраїнний провулок	Окраїнний провулок
Оранжерейний провулок	Оранжерейний провулок
Охайний провулок	Охайний провулок
Пагорбний провулок	Пагорбний провулок
Палубний провулок	Палубний провулок
Панорамний провулок	Панорамний провулок
Паровозний провулок	Паровозний провулок
Паромний провулок	Паромний провулок
Паромний узвіз	Паромний узвіз
Пароплавний провулок	Пароплавний провулок
Парусний провулок	Парусний провулок
Парусний проїзд	Парусний проїзд
Парусний тупик	Парусний тупик
Перебійний провулок	Перебійний провулок
Перевізний провулок	Перевізний провулок
Переїзний провулок	Переїзний провулок
Перехресний провулок	Перехресний провулок
Південий провулок	Південий провулок
Південний бульвар	Південний бульвар
Південний в'їзд	Південний вʼїзд
Південний в’їзд	Південний вʼїзд
Південний квартал	Південний квартал
Південний мікрорайон	Південний мікрорайон
Південний міст	Південний міст
Південний обхід	Південний обхід
Південний Пост вулиця	вулиця Південний Пост
Південний провулок	Південний провулок
Південний проїзд	Південний проїзд
Південний проспект	Південний проспект
Південний тунель	Південний тунель
Південний тупик	Південний тупик
Південний тупик вулиця	вулиця Південний Тупик
Півленний провулок	Півленний провулок
Піддубний провулок	Піддубний провулок
Підений квартал	Підений квартал
Підземний перехід	Підземний перехід
Підземний стік	Підземний стік
Підїзний вулиця	вулиця Підїзний
Підйомний провулок	Підйомний провулок
Підлісний провулок	Підлісний провулок
Підлісний проїзд	Підлісний проїзд
Підлісний тупик	Підлісний тупик
Підстепний провулок	Підстепний провулок
Пісенний провулок	Пісенний провулок
Пісчаний Круг вулиця	вулиця Пісчаний Круг
Пісчаний провулок	Пісчаний провулок
Пісщаний провулок	Пісщаний провулок
Піщаний в’їзд	Піщаний вʼїзд
Піщаний пагорб	Піщаний пагорб
Піщаний провулок	Піщаний провулок
Піщаний тупик	Піщаний тупик
Плетений провулок	Плетений провулок
Погрузний провулок	Погрузний провулок
Поромний узвіз	Поромний узвіз
Православний провулок	Православний провулок
Привокзалний провулок	Привокзалний провулок
Приємний провулок	Приємний провулок
Прилісний провулок	Прилісний провулок
Проїзний провулок	Проїзний провулок
Прополісний провулок	Прополісний провулок
Прорізний провулок	Прорізний провулок
Пташиний провулок	Пташиний провулок
Пiщаний провулок	Піщаний провулок
Радгоспний провулок	Радгоспний провулок
Радгоспний тупик	Радгоспний тупик
Радісний провулок	Радісний провулок
Революційний провулок	Революційний провулок
Редакційний провулок	Редакційний провулок
Резервний провулок	Резервний провулок
Резервний тупик	Резервний тупик
Рельєфний провулок	Рельєфний провулок
Рибний майдан	Рибний майдан
Рибний провулок	Рибний провулок
Рівний провулок	Рівний провулок
Рівний проїзд	Рівний проїзд
Ріщаний проїзд	Ріщаний проїзд
Роз'їзний провулок	Розʼїзний провулок
Роз’їзний провулок	Розʼїзний провулок
Розкішний провулок	Розкішний провулок
Рясний провулок	Рясний провулок
Садибний в’їзд	Садибний вʼїзд
Садибний провулок	Садибний провулок
Салганний провулок	Салганний провулок
Свиняча вулиця	Свиняча вулиця
Святошний провулок	Святошний провулок
Селекційний провулок	Селекційний провулок
Селищний провулок	Селищний провулок
Сінний провулок	Сінний провулок
Сінний тупик	Сінний тупик
Сквозний провулок	Сквозний провулок
Славний провулок	Славний провулок
Совхозний провулок	Совхозний провулок
Соколиний провулок	Соколиний провулок
Солов'їний гай вулиця	вулиця Соловʼїний Гай
Солов'їний провулок	Соловʼїний провулок
Солов‘їний провулок	Соловʼїний провулок
Солов’їний провулок	Соловʼїний провулок
Соловїний провулок	Соловʼїний провулок
Солоний Ставок вулиця	вулиця Солоний Ставок
Солоний Яр вулиця	вулиця Солоний Яр
Сотенний провулок	Сотенний провулок
Союзний провулок	Союзний провулок
Спокійний провулок	Спокійний провулок
Спокійний тупик	Спокійний тупик
Спускний провулок	Спускний провулок
Срібний Док провулок	провулок Срібний Док
Срібний провулок	Срібний провулок
Срібний Яр вулиця	вулиця Срібний Яр
Станційний в’їзд	Станційний вʼїзд
Станційний провулок	Станційний провулок
Станційний проїзд	Станційний проїзд
Старокінний провулок	Старокінний провулок
Степний провулок	Степний провулок
Студений в’їзд	Студений вʼїзд
Студений провулок	Студений провулок
Сучасний провулок	Сучасний провулок
Телеграфний провулок	Телеграфний провулок
Тенісний провулок	Тенісний провулок
Типографний провулок	Типографний провулок
Тісний провулок	Тісний провулок
Тополиний провулок	Тополиний провулок
Тополиний проїзд	Тополиний проїзд
Трамвайний провулок	Трамвайний провулок
Тритузний провулок	Тритузний провулок
Трубний в’їзд	Трубний вʼїзд
Трубний провулок	Трубний провулок
Турбінний провулок	Турбінний провулок
Турбінний проїзд	Турбінний проїзд
Турбінний узвіз	Турбінний узвіз
Укропний провулок	Укропний провулок
Урожайний провулок	Урожайний провулок
Урожайний проїзд	Урожайний проїзд
Урожайний тупик	Урожайний тупик
Успішний провулок	Успішний провулок
Училищний провулок	Училищний провулок
Фонтанний провулок	Фонтанний провулок
Хазяйственний провулок	Хазяйственний провулок
Хвойний провулок	Хвойний провулок
Хлібний провулок	Хлібний провулок
Церковний провулок	Церковний провулок
Чарівний провулок	Чарівний провулок
Червоний Берег вулиця	вулиця Червоний Берег
Червоний Бургун вулиця	вулиця Червоний Бургун
Червоний в’їзд	Червоний вʼїзд
Червоний виселок вулиця	вулиця Червоний Виселок
Червоний Виселок вулиця	вулиця Червоний Виселок
Червоний Жовтень вулиця	вулиця Червоний Жовтень
Червоний Кут вулиця	вулиця Червоний Кут
Червоний Куток вулиця	вулиця Червоний Куток
Червоний Лиман вулиця	вулиця Червоний Лиман
Червоний майдан	Червоний майдан
Червоний Майдан вулиця	вулиця Червоний Майдан
Червоний маршрут	Червоний маршрут
Червоний Маяк вулиця	вулиця Червоний Маяк
Червоний Орач вулиця	вулиця Червоний Орач
Червоний Орач провулок	провулок Червоний Орач
Червоний Пахар вулиця	вулиця Червоний Пахар
Червоний Пахар провулок	провулок Червоний Пахар
Червоний Прапор вулиця	вулиця Червоний Прапор
Червоний провулок	Червоний провулок
Червоний Промінь вулиця	вулиця Червоний Промінь
Червоний Промінь провулок	провулок Червоний Промінь
Червоний ровець вулиця	вулиця Червоний Ровець
Червоний Ряд вулиця	вулиця Червоний Ряд
Червоний Хімік провулок	провулок Червоний Хімік
Червоний Хутір	Червоний Хутір
Червоний Хутір вулиця	вулиця Червоний Хутір
Червоний шлях вулиця	вулиця Червоний Шлях
Червоний Шлях вулиця	вулиця Червоний Шлях
Червоний Яр вулиця	вулиця Червоний Яр
Черемушний провулок	Черемушний провулок
Черновоний шлях	Черновоний шлях
Шалашний провулок	Шалашний провулок
Швейний провулок	Швейний провулок
Швидкісний в’їзд	Швидкісний вʼїзд
Швидкісний провулок	Швидкісний провулок
Шлюзний міст	Шлюзний міст
Шосейний провулок	Шосейний провулок
Шосейний тупик	Шосейний тупик
Штабний провулок	Штабний провулок
Щіпний провулок	Щіпний провулок
Ювілейний бульвар	Ювілейний бульвар
Ювілейний в'їзд	Ювілейний вʼїзд
Ювілейний в’їзд	Ювілейний вʼїзд
Ювілейний квартал	Ювілейний квартал
Ювілейний мікрорайон	Ювілейний мікрорайон
Ювілейний провулок	Ювілейний провулок
Ювілейний проїзд	Ювілейний проїзд
Ювілейний проспект	Ювілейний проспект
Ясний провулок	Ясний провулок
Ячмінний провулок	Ячмінний провулок