Автомобілістів вулиця	Автомобілістів вулиця
Автомобілістів провулок	Автомобілістів провулок
Активістів вулиця	Активістів вулиця
Альпіністів вулиця	Альпіністів вулиця
Альпіністів провулок	Альпіністів провулок
Артилеристів вулиця	Артилеристів вулиця
Артилерістів вулиця	Артилерістів вулиця
Архітекторів Шольців провулок	Архітекторів Шольців провулок
Афганців алея	Афганців алея
Афганців вулиця	Афганців вулиця
Берланів Плай	Берланів Плай
Борців вулиця	Борців вулиця
Борців За Незалежність вулиця	Борців За Незалежність вулиця
Борців провулок	Борців провулок
Борців Революції вулиця	Борців Революції вулиця
Борців Революції площа	Борців Революції площа
Братів Коломійців вулиця	Братів Коломійців вулиця
Братів Левенців вулиця	Братів Левенців вулиця
Братів Лісовців вулиця	Братів Лісовців вулиця
Братів Лопушанів вулиця	Братів Лопушанів вулиця
Братів Лузанів вулиця	Братів Лузанів вулиця
Братів Лясковців вулиця	Братів Лясковців вулиця
Братів Роговців вулиця	Братів Роговців вулиця
Братів Шапранів провулок	Братів Шапранів провулок
Братства Тарасівців вулиця	Братства Тарасівців вулиця
Ветеранів алея	Ветеранів алея
Ветеранів Афганістану вулиця	Ветеранів Афганістану вулиця
Ветеранів вулиця	Ветеранів вулиця
Ветеранів праці вулиця	Ветеранів праці вулиця
Ветеранів Праці вулиця	Ветеранів Праці вулиця
Ветеранів провулок	Ветеранів провулок
Військових Ветеранів вулиця	Військових Ветеранів вулиця
Воїнів Афганців вулиця	Воїнів Афганців вулиця
Воїнів інтернаціоналістів вулиця	Воїнів інтернаціоналістів вулиця
Воїнів Інтернаціоналістів вулиця	Воїнів Інтернаціоналістів вулиця
Воїнів Інтернаціоналістів провулок	Воїнів Інтернаціоналістів провулок
Воїнів Повстанців вулиця	Воїнів Повстанців вулиця
Воїнів-Афганців бульвар	Воїнів-Афганців бульвар
Воїнів-афганців вулиця	Воїнів-афганців вулиця
Воїнів-Афганців вулиця	Воїнів-Афганців вулиця
Воїнів-добровольців вулиця	Воїнів-добровольців вулиця
Воїнів-інтернаціоналістів вулиця	Воїнів-інтернаціоналістів вулиця
Воїнів-Інтернаціоналістів вулиця	Воїнів-Інтернаціоналістів вулиця
Воїнів-інтернаціоналістів провулок	Воїнів-інтернаціоналістів провулок
Воїнів-миротворців вулиця	Воїнів-миротворців вулиця
Галицьких Стрільців вулиця	Галицьких Стрільців вулиця
Гараганів тупик	Гараганів тупик
Гвардійців дивізії вулиця	Гвардійців дивізії вулиця
Гвардійців Кантемирівців вулиця	Гвардійців Кантемирівців вулиця
Гвардійців Родімцева вулиця	Гвардійців Родімцева вулиця
Гвардійців-Кантемирівців вулиця	Гвардійців-Кантемирівців вулиця
Гвардійців-Широнинців вулиця	Гвардійців-Широнинців вулиця
Гвардійців-Широнінців вулиця	Гвардійців-Широнінців вулиця
Героїв Афганців вулиця	Героїв Афганців вулиця
Героїв Майдану (Борців Революції) площа	Героїв Майдану (Борців Революції) площа
Героїв Панфіловців вулиця	Героїв Панфіловців вулиця
Героїв Танкістів вулиця	Героїв Танкістів вулиця
Героїв Танкістів провулок	Героїв Танкістів провулок
Героїв Холодноярців вулиця	Героїв Холодноярців вулиця
Героїв чорнобильців вулиця	Героїв чорнобильців вулиця
Героїв-Афганців вулиця	Героїв-Афганців вулиця
Героїв-Афганців провулок	Героїв-Афганців провулок
Героїв-добровольців вулиця	Героїв-добровольців вулиця
Героїв-партизанів вулиця	Героїв-партизанів вулиця
Героїв-Танкістів вулиця	Героїв-Танкістів вулиця
Героїв-чорнобильців вулиця	Героїв-чорнобильців вулиця
Героїв-Чорнобильців вулиця	Героїв-Чорнобильців вулиця
Гімназистів вулиця	Гімназистів вулиця
Гімназистів провулок	Гімназистів провулок
Декабристів в’їзд	Декабристів вʼїзд
Декабристів вул.	Декабристів вул.
Декабристів вулиця	Декабристів вулиця
Декабристів площа	Декабристів площа
Декабристів провулок	Декабристів провулок
Декабристів тупик	Декабристів тупик
Добровільців провулок	Добровільців провулок
Добровольців вулиця	Добровольців вулиця
Добровольців провулок	Добровольців провулок
Енитузіастів вулиця	Енитузіастів вулиця
Ентузиастів вулиця	Ентузиастів вулиця
Ентузіастів вулиця	Ентузіастів вулиця
Ентузіастів провулок	Ентузіастів провулок
Ентузіастів проспект	Ентузіастів проспект
Ентузiастiв вулиця	Ентузіастів вулиця
Естонських Стрільців вулиця	Естонських Стрільців вулиця
Журналістів вулиця	Журналістів вулиця
Журналістів провулок	Журналістів провулок
Журналістів проспект	Журналістів проспект
Запорожців вулиця	Запорожців вулиця
Зв'язківців провулок	Звʼязківців провулок
Зв’язківців вулиця	Звʼязківців вулиця
Зв’язківців провулок	Звʼязківців провулок
Звʼязківців провулок	Звʼязківців провулок
Інтернаціоналістів вулиця	Інтернаціоналістів вулиця
Капранів провулок	Капранів провулок
Каштанів вулиця	Каштанів вулиця
Козаків-Богданівців вулиця	Козаків-Богданівців вулиця
Козацьких Гетьманів вулиця	Козацьких Гетьманів вулиця
Колективістів вулиця	Колективістів вулиця
Колективістів провулок	Колективістів провулок
Конотопських Партизанів вулиця	Конотопських Партизанів вулиця
Корчагінців вулиця	Корчагінців вулиця
Кравців вулиця	Кравців вулиця
Краєзнавців вулиця	Краєзнавців вулиця
Краснодонців вулиця	Краснодонців вулиця
Краснодонців провулок	Краснодонців провулок
Кузанів вулиця	Кузанів вулиця
Куруців вулиця	Куруців вулиця
Кутлінців вулиця	Кутлінців вулиця
Латиських Стрільців вулиця	Латиських Стрільців вулиця
Латиських Червоних Стрільців вулиця	Латиських Червоних Стрільців вулиця
Лисивців провулок	Лисивців провулок
Лицманів провулок	Лицманів провулок
Лоцманів Казанців провулок	Лоцманів Казанців провулок
Лунінців вулиця	Лунінців вулиця
Машиністів в’їзд	Машиністів вʼїзд
Машиністів вулиця	Машиністів вулиця
Машиністів провулок	Машиністів провулок
Металістів вулиця	Металістів вулиця
Металістів площа	Металістів площа
Металістів провулок	Металістів провулок
Миротворців вулиця	Миротворців вулиця
Миротворців провулок	Миротворців провулок
Мисливців вулиця	Мисливців вулиця
Мічурінців вулиця	Мічурінців вулиця
Молодогвардійців вулиця	Молодогвардійців вулиця
Молодогвардійців провулок	Молодогвардійців провулок
Мордовців тупик	Мордовців тупик
Народних Ополченців вулиця	Народних Ополченців вулиця
Народовольців вулиця	Народовольців вулиця
Народовольців провулок	Народовольців провулок
Натуралістів вулиця	Натуралістів вулиця
Ольшанців вулиця	Ольшанців вулиця
Ополченців провулок	Ополченців провулок
Оптимістів вулиця	Оптимістів вулиця
Орденоносців вулиця	Орденоносців вулиця
Орденоносців провулок	Орденоносців провулок
Отаманів Соколовських вулиця	Отаманів Соколовських вулиця
Отаманів Соколовських провулок	Отаманів Соколовських провулок
Панфіловців вулиця	Панфіловців вулиця
Панфіловців провулок	Панфіловців провулок
Папанінців вулиця	Папанінців вулиця
Папанінців провулок	Папанінців провулок
Парашутистів вулиця	Парашутистів вулиця
Партизанів вулиця	Партизанів вулиця
Партизанів Донбасу вулиця	Партизанів Донбасу вулиця
Переможців вулиця	Переможців вулиця
Переможців провулок	Переможців провулок
Переможців проспект	Переможців проспект
Переселенців вулиця	Переселенців вулиця
Першопрохідців вулиця	Першопрохідців вулиця
Першопрохідців провулок	Першопрохідців провулок
Підприємців вулиця	Підприємців вулиця
Площа Декабристів вулиця	Площа Декабристів вулиця
Повстанців вулиця	Повстанців вулиця
Повстанців вулиця / Героїв Миколаєва вулиця	Повстанців вулиця / Героїв Миколаєва вулиця
Повстанців УПА вулиця	Повстанців УПА вулиця
Погонців провулок	Погонців провулок
Поліграфістів проїзд	Поліграфістів проїзд
Політбійців вулиця	Політбійців вулиця
Радянських Танкістів вулиця	Радянських Танкістів вулиця
Родини Богомольців вулиця	Родини Богомольців вулиця
Святих Старців вулиця	Святих Старців вулиця
Сєдовців вулиця	Сєдовців вулиця
Сім’ї Шильманів вулиця	Сімʼї Шильманів вулиця
Січових Стільців вулиця	Січових Стільців вулиця
Січових Стрілців вулиця	Січових Стрілців вулиця
Січових стрільців вулиця	Січових стрільців вулиця
Січових Стрільців вулиця	Січових Стрільців вулиця
Січових Стрільців майдан	Січових Стрільців майдан
Січових Стрільців площа	Січових Стрільців площа
Січових стрільців провулок	Січових стрільців провулок
Січових Стрільців провулок	Січових Стрільців провулок
Слобожанів вулиця	Слобожанів вулиця
Соколовців вулиця	Соколовців вулиця
Спеціалістів вулиця	Спеціалістів вулиця
Спецiалiстiв вулиця	Спеціалістів вулиця
Страчених Націоналістів вулиця	Страчених Націоналістів вулиця
Танкистів вулиця	Танкистів вулиця
Танкістів вулиця	Танкістів вулиця
Танкістів Кантемирівців вулиця	Танкістів Кантемирівців вулиця
Танкістів площа	Танкістів площа
Танкістів Попових вулиця	Танкістів Попових вулиця
Танкістів провулок	Танкістів провулок
Танкістів-Кантемирівців вулиця	Танкістів-Кантемирівців вулиця
Тершаковців вулиця	Тершаковців вулиця
Тиверців вулиця	Тиверців вулиця
Тимурівців вулиця	Тимурівців вулиця
Тимуровців вулиця	Тимуровців вулиця
Трактористів вулиця	Трактористів вулиця
Трактористів провулок	Трактористів провулок
Труханів острів	Труханів острів
Туристів вулиця	Туристів вулиця
Туристів провулок	Туристів провулок
Тюльпанів вулиця	Тюльпанів вулиця
Тюльпанів провулок	Тюльпанів провулок
Українських Декабристів вулиця	Українських Декабристів вулиця
Українських Добровольців вулиця	Українських Добровольців вулиця
Українських Повстанців вулиця	Українських Повстанців вулиця
Українських Повстанців провулок	Українських Повстанців провулок
Українських Січових Стрільців вулиця	Українських Січових Стрільців вулиця
Умільців вулиця	Умільців вулиця
Фінансистів вулиця	Фінансистів вулиця
Холодноярців вулиця	Холодноярців вулиця
Хотинських Комсомольців вулиця	Хотинських Комсомольців вулиця
Чекистів вулиця	Чекистів вулиця
Чекістів вулиця	Чекістів вулиця
Чекістів провулок	Чекістів провулок
Челюскінців в’їзд	Челюскінців вʼїзд
Челюскінців вулиця	Челюскінців вулиця
Челюскінців ву́лиця	Челюскінців ву́лиця
Челюскінців провулок	Челюскінців провулок
Червоних Бійців вулиця	Червоних Бійців вулиця
Червоних партизанів вулиця	Червоних партизанів вулиця
Червоних Партизанів вулиця	Червоних Партизанів вулиця
Чорних Запоріжців вулиця	Чорних Запоріжців вулиця
Чорних Запорожців вулиця	Чорних Запорожців вулиця
Чорних Запорожців провулок	Чорних Запорожців провулок
Чорнобильців вулиця	Чорнобильців вулиця
Чорноморців вулиця	Чорноморців вулиця
Широнінців вулиця	Широнінців вулиця