1 Грудня вулиця	вулиця 1 Грудня
1 Квітня вулиця	вулиця 1 Квітня
1 Листопада вулиця	вулиця 1 Листопада
1 Мая вулиця	вулиця 1 Травня
1 Мая провулок	провулок 1 Травня
1 Травня в'їзд	вʼїзд 1 Травня
1 Травня в’їзд	вʼїзд 1 Травня
1 Травня вулиця	вулиця 1 Травня
1 Травня провулок	провулок 1 Травня
1-го Грудня вулиця	вулиця 1 Грудня
1-го Грудня провулок	провулок 1 Грудня
1-го Листопада Бічна вулиця	Бічна вулиця 1 Листопада
1-го Листопада вулиця	вулиця 1 Листопада
1-го Січня провулок	провулок 1 Січня
1-го травня вулиця	вулиця 1 травня
1-го Травня вулиця	вулиця 1 Травня
1-го Травня площа	площа 1 Травня
1-го Травня провулок	провулок 1 Травня
1-го Травня проспект	проспект 1 Травня
1-го Травня тупик	тупик 1 Травня
1-й 1-го Травня провулок	1-й провулок 1 Травня
1-й 12-го Грудня провулок	1-й провулок 12 Грудня
1-й 23-го Вересня провулок	1-й провулок 23 Вересня
1-й 8 Травня провулок	1-й провулок 8 Травня
1-й 8-го Березня провулок	1-й провулок 8 Березня
1-й 9 Травня провулок	1-й провулок 9 Травня
1-Травня вулиця	вулиця 1 Травня
10 Квітня вулиця	вулиця 10 Квітня
10-го Квітня вулиця	вулиця 10 Квітня
10-го Квітня площа	площа 10 Квітня
10-го Липня вулиця	вулиця 10 Липня
10-го Лютого вулиця	вулиця 10 Лютого
10-річчя Жовтня вулиця	вулиця 10-річчя Жовтня
12 Грудня вулиця	вулиця 12 Грудня
12 Квітня провулок	провулок 12 Квітня
12-го Грудня вулиця	вулиця 12 Грудня
12-го Грудня провулок	провулок 12 Грудня
12-го Грудня проспект	проспект 12 Грудня
12-го Квітня вулиця	вулиця 12 Квітня
13 Років Жовтня вулиця	вулиця 13 років Жовтня
13-го Липня вулиця	вулиця 13 Липня
14-го Вересня вулиця	вулиця 14 Вересня
14-го Грудня вулиця	вулиця 14 Грудня
14-го Жовтня вулиця	вулиця 14 Жовтня
15 Квітня вулиця	вулиця 15 Квітня
16 Березня вулиця	вулиця 16 Березня
16 Вересня вулиця	вулиця 16 Вересня
16 Липня вулиця	вулиця 16 Липня
16-го Березня вулиця	вулиця 16 Березня
16-го Вересня вулиця	вулиця 16 Вересня
16-го Липня вулиця	вулиця 16 Липня
17 Березня вулиця	вулиця 17 Березня
17 вересня вулиця	вулиця 17 вересня
17 Вересня вулиця	вулиця 17 Вересня
17-вересня вулиця	вулиця 17 вересня
17-го Березня вулиця	вулиця 17 Березня
17-го Вересня вулиця	вулиця 17 Вересня
17-го Вересня провулок	провулок 17 Вересня
17-ого вересня вулиця	вулиця 17 Вересня
17-річчя Жовтня вулиця	вулиця 17-річчя Жовтня
18 Вересня вулиця	вулиця 18 Вересня
18 Жовтня вулиця	вулиця 18 Жовтня
18 Лютого вулиця	вулиця 18 Лютого
18-го Вересня вулиця	вулиця 18 Вересня
19 Березня вулиця	вулиця 19 Березня
19 Вересня вулиця	вулиця 19 Вересня
19 Липня вулиця	вулиця 19 Липня
19 років Жовтня вулиця	вулиця 19 років Жовтня
19 років Жовтня провулок	провулок 19 років Жовтня
19-го Вересня вулиця	вулиця 19 Вересня
19-го Вересня провулок	провулок 19 Вересня
19-го Серпня вулиця	вулиця 19 Серпня
2 Лютого вулиця	вулиця 2 Лютого
2-го Вересня вулиця	вулиця 2 Вересня
2-го Вересня провулок	провулок 2 Вересня
2-й 1-го Травня провулок	провулок 2-й 1 Травня
2-й 12-го Грудня провулок	провулок 2-й 12 Грудня
2-й 23-го Вересня провулок	провулок 2-й 23 Вересня
2-й 8 Березня провулок	провулок 2-й 8 Березня
2-й 8 Травня провулок	провулок 2-й 8 Травня
2-й 8-го Березня провулок	провулок 2-й 8 Березня
2-й 9 Травня провулок	провулок 2-й 9 Травня
2-й 9-го Вересня провулок	провулок 2-й 9 Вересня
20 Вересня вулиця	вулиця 20 Вересня
20 років Жовтня вулиця	вулиця 20 років Жовтня
20-го Березня вулиця	вулиця 20 Березня
20-го Липня вулиця	вулиця 20 Липня
20-річчя Жовтня вулиця	вулиця 20-річчя Жовтня
21-го Вересня вулиця	вулиця 21 Вересня
21-го Жовтня вулиця	вулиця 21 Жовтня
21-го Січня вулиця	вулиця 21 Січня
22 Січня вулиця	вулиця 22 Січня
22-го Січня вулиця	вулиця 22 Січня
23 Вересня вулиця	вулиця 23 Вересня
23 Серпня в’їзд	вʼїзд 23 Серпня
23 Серпня вулиця	вулиця 23 Серпня
23-го Вересня вулиця	вулиця 23 Вересня
23-го Жовтня вулиця	вулиця 23 Жовтня
23-го Лютого вулиця	вулиця 23 Лютого
23-го Серпня вулиця	вулиця 23 Серпня
23-го Серпня провулок	провулок 23 Серпня
24 Серпня	24 Серпня
24 Серпня 1991 року вулиця	вулиця 24 cерпня 1991 року
24 Серпня вулиця	вулиця 24 Серпня
24-го Березня вулиця	вулиця 24 Березня
24-го Серпня вулиця	вулиця 24 Серпня
25 Вересня вулиця	вулиця 25 Вересня
25 Жовтня вулиця	вулиця 25 Жовтня
25 Жовтня площа	площа 25 Жовтня
25 років Жовтня вулиця	вулиця 25 років Жовтня
25 Серпня вулиця	вулиця 25 Серпня
25-го Жовтня вулиця	вулиця 25 Жовтня
25-річчя Жовтня вулиця	вулиця 25-річчя Жовтня
26 Жовтня вулиця	вулиця 26 Жовтня
26-го Серпня вулиця	вулиця 26 Серпня
26-го Червня вулиця	вулиця 26 Червня
28 Січня провулок	провулок 28 Січня
28 Червня вулиця	вулиця 28 Червня
28 Червня площа	площа 28 Червня
28 Червня провулок	провулок 28 Червня
28-го Червня вулиця	вулиця 28 Червня
28-го Червня провулок	провулок 28 Червня
29 Вересня вулиця	вулиця 29 Вересня
29-го Березня вулиця	вулиця 29 Березня
29-го Вересня вулиця	вулиця 29 Вересня
3 Вересня вулиця	вулиця 3 Вересня
3 Грудня вулиця	вулиця 3 Грудня
3 Травня	3 Травня
3-го Вересня вулиця	вулиця 3 Вересня
3-го Вересня провулок	провулок 3 Вересня
3-го Грудня вулиця	вулиця 3 Грудня
30 років Жовтня вулиця	вулиця 30 років Жовтня
30-го Січня вулиця	вулиця 30 Січня
31 Березня вулиця	вулиця 31 Березня
39 років Жовтня вулиця	вулиця 39 років Жовтня
40 р. Жовтня вулиця	вулиця 40 років Жовтня
40 років Жовтня вулиця	вулиця 40 років Жовтня
40 Років Жовтня вулиця	вулиця 40 років Жовтня
40 років жовтня провулок	провулок 40 років Жовтня
40 років Жовтня провулок	провулок 40 років Жовтня
40 років Жовтня проїзд	проїзд 40 років Жовтня
40-річчя Жовтня	40-річчя Жовтня
40-річчя Жовтня вулиця	вулиця 40-річчя Жовтня
40-річчя Жовтня проспект	проспект 40-річчя Жовтня
5 Березня вулиця	вулиця 5 Березня
5 грудня вулиця	вулиця 5 Грудня
5 Грудня вулиця	вулиця 5 Грудня
5 Липня вулиця	вулиця 5 Липня
5 Серпня вулиця	вулиця 5 Серпня
5-го Вересня вулиця	вулиця 5 Вересня
5-го Грудня вулиця	вулиця 5 Грудня
5-го Лютого вулиця	вулиця 5 Лютого
50 років Жовтня бульвар	бульвар 50 років Жовтня
50 років Жовтня вулиця	вулиця 50 років Жовтня
50 Років Жовтня вулиця	вулиця 50 років Жовтня
50 років Жовтня квартал	квартал 50 років Жовтня
50 років Жовтня площа	площа 50 років Жовтня
50 років Жовтня провулок	провулок 50 років Жовтня
50 років Жовтня проспект	проспект 50 років Жовтня
50-річча Жовтня вулиця	вулиця 50-річча Жовтня
50-річчя Жовтня вулиця	вулиця 50-річчя Жовтня
50-річчя Жовтня проспект	проспект 50-річчя Жовтня
50р. Жовтня вулиця	вулиця 50 років Жовтня
6 Вересня вулиця	вулиця 6 Вересня
6 Вересня провулок	провулок 6 Вересня
6 Грудня вулиця	вулиця 6 Грудня
6-го Вересня вулиця	вулиця 6 Вересня
6-го Грудня вулиця	вулиця 6 Грудня
6-го Серпня вулиця	вулиця 6 Серпня
60 років Жовтня вулиця	вулиця 60 років Жовтня
60-річчя Жовтня	60-річчя Жовтня
60-річчя Жовтня вулиця	вулиця 60-річчя Жовтня
60-річчя Жовтня провулок	провулок 60-річчя Жовтня
60-років Жовтня вулиця	вулиця 60 років Жовтня
7 Грудня вулиця	вулиця 7 Грудня
7 Жовтня вулиця	вулиця 7 Жовтня
7 Квітня вулиця	вулиця 7 Квітня
7 Серпня вулиця	вулиця 7 Серпня
7-го Жовтня вулиця	вулиця 7 Жовтня
7-го Листопада вулиця	вулиця 7 Листопада
7-й 8 Березня провулок	7-й провулок 8 Березня
70 років Жовтня вулиця	вулиця 70 років Жовтня
70-річчя Великого Жовтня вулиця	вулиця 70-річчя Великого Жовтня
70-річчя Жовтня вулиця	вулиця 70-річчя Жовтня
8 березня вулиця	вулиця 8 Березня
8 Березня вулиця	вулиця 8 Березня
8 Березня вулиця / Овальна вулиця	вулиця 8 Березня / Овальна вулиця
8 Березня площа	площа 8 Березня
8 Березня провулок	провулок 8 Березня
8 Вересня вулиця	вулиця 8 Вересня
8 Листопада вулиця	вулиця 8 Листопада
8 Лютого вулиця	вулиця 8 Лютого
8 Травня вулиця	вулиця 8 Травня
8-го Березня 1-а лінія	1-а лінія 8 Березня
8-го Березня 2-а лінія	2-а лінія 8 Березня
8-го Березня 3-я лінія	3-а лінія 8 Березня
8-го Березня 4-я лінія	4-а лінія 8 Березня
8-го Березня 5-а лінія	5-а лінія 8 Березня
8-го Березня в'їзд	вʼїзд 8 Березня
8-го Березня в’їзд	вʼїзд 8 Березня
8-го Березня вулиця	вулиця 8 Березня
8-го Березня провулок	провулок 8 Березня
8-го Березня проїзд	8 Березня проїзд
8-го Вересня бульвар	бульвар 8 Вересня
8-го Вересня вулиця	вулиця 8 Вересня
8-го Листопада вулиця	вулиця 8 Листопада
8-го Лютого вулиця	вулиця 8 Лютого
8-го Травня вулиця	вулиця 8 Травня
8-е Березня вулиця	вулиця 8 Березня
8-о Березня вулиця	вулиця 8 Березня
9 Грудня вулиця	вулиця 9 Грудня
9 Серпня вулиця	вулиця 9 Серпня
9 Січня вулиця	вулиця 9 Січня
9 Сiчня вулиця	вулиця 9 Січня
9 Травня вулиця	вулиця 9 Травня
9-го Березня провулок	провулок 9 Березня
9-го Вересня вулиця	вулиця 9 Вересня
9-го Вересня провулок	провулок 9 Вересня
9-го січня вулиця	вулиця 9 Січня
9-го Січня вулиця	вулиця 9 Січня
9-го Січня провулок	провулок 9 Січня
9-го Травня вулиця	вулиця 9 Травня
9-го Травня провулок	провулок 9 Травня
9-го Травня проспект	проспект 9 Травня
9-січня вулиця	вулиця 9 Січня
вулиця 1 Травня	вулиця 1 Травня
вулиця 28 Червня	вулиця 28 Червня
Вулиця 28 червня	вулиця 28 Червня
вулиця 8 березня	вулиця 8 Березня
вулиця 8 Березня	вулиця 8 Березня
вулиця 8-го Березня	вулиця 8 Березня
Пл. 28 Червня	площа 28 Червня
провулок 23 Серпня	провулок 23 Серпня