1 лінія Сави Освященного вулиця	1-ша лінія Сави Освяченого
1 ряд Нижній Шувар	1-й ряд Нижній Шувар
1-а А Озерна вулиця	1-ша Озерна вулиця А
1-а ст. Люстдорфської дороги	1-а ст. Люстдорфської дороги
1-ий К. Цеткін провулок	1-ий К. Цеткін провулок
1-ї Гвардійської Армії вулиця	1-ї Гвардійської Армії вулиця
1-ї Кінної Армії вулиця	1-ї Кінної Армії вулиця
1-й Адмірала Лозівського провулок	1-й Адмірала Лозівського провулок
1-й Академіка Вернадського проїзд	1-й Академіка Вернадського проїзд
1-й Академіка Корольова провулок	1-й Академіка Корольова провулок
1-й Академіка Пирогова провулок	1-й Академіка Пирогова провулок
1-й Антона Турчановича провулок	1-й Антона Турчановича провулок
1-й Аріадни Стебельської провулок	1-й Аріадни Стебельської провулок
1-й Б. Хмельницького провулок	1-й Б. Хмельницького провулок
1-й Бадаєва Павла провулок	1-й Бадаєва Павла провулок
1-й Бахмацьких дивізій провулок	1-й Бахмацьких дивізій провулок
1-й Благовіщенської вулиці провулок	1-й Благовіщенської вулиці провулок
1-й Богдана Хмельницького провулок	1-й Богдана Хмельницького провулок
1-й Бойківської вулиці провулок	1-й Бойківської вулиці провулок
1-й Бориса Гмирі провулок	1-й Бориса Гмирі провулок
1-й Бориса Грінченка провулок	1-й Бориса Грінченка провулок
1-й Бориса Шкляра провулок	1-й Бориса Шкляра провулок
1-й В’ячеслава Чорновола провулок	1-й Вʼячеслава Чорновола провулок
1-й Вадима Пузирьова провулок	1-й Вадима Пузирьова провулок
1-й Василенкове Поле провулок	1-й Василенкове Поле провулок
1-й Василя Кандинського провулок	1-й Василя Кандинського провулок
1-й Василя Сліпака провулок	1-й Василя Сліпака провулок
1-й Василя Стефаника провулок	1-й Василя Стефаника провулок
1-й Васіле Александрі провулок	1-й Васіле Александрі провулок
1-й Верхній Вокзальний провулок	1-й Верхній Вокзальний провулок
1-й Вишневої вулиці провулок	1-й Вишневої вулиці провулок
1-й Віктора Блащука проїзд	1-й Віктора Блащука проїзд
1-й Віктора Горіна провулок	1-й Віктора Горіна провулок
1-й Віктора Мирутенка провулок	1-й Віктора Мирутенка провулок
1-й Володимира Великого провулок	1-й Володимира Великого провулок
1-й Володимира Івасюка провулок	1-й Володимира Івасюка провулок
1-й Володимира Свідзінського провулок	1-й Володимира Свідзінського провулок
1-й Генерала Арабея проїзд	1-й Генерала Арабея проїзд
1-й Георгіївської вулиці провулок	1-й Георгіївської вулиці провулок
1-й Героїв України провулок	1-й Героїв України провулок
1-й Героїв Чорнобиля провулок	1-й Героїв Чорнобиля провулок
1-й Гетьмана Дорошенка провулок	1-й Гетьмана Дорошенка провулок
1-й Гетьмана Сагайдачного провулок	1-й Гетьмана Сагайдачного провулок
1-й Гетьмана Скоропадського провулок	1-й Гетьмана Скоропадського провулок
1-й Гната Танцюри провулок	1-й Гната Танцюри провулок
1-й Гната Юри проїзд	1-й Гната Юри проїзд
1-й Гніванське шосе провулок	1-й Гніванське шосе провулок
1-й Григорія Чупринки провулок	1-й Григорія Чупринки провулок
1-й Данила Галицького провулок	1-й Данила Галицького провулок
1-й Данила Нечая провулок	1-й Данила Нечая провулок
1-й Дениса Квітковського провулок	1-й Дениса Квітковського провулок
1-й Другої П'ятирічки провулок	1-й Другої Пʼятирічки провулок
1-й Євгена Чикаленка провулок	1-й Євгена Чикаленка провулок
1-й Жовтневої вулиці провулок	1-й Жовтневої вулиці провулок
1-й Залізничної вулиці провулок	1-й Залізничної вулиці провулок
1-й Івана Богуна провулок	1-й Івана Богуна провулок
1-й Івана Виговського провулок	1-й Івана Виговського провулок
1-й Івана Липи провулок	1-й Івана Липи провулок
1-й Івана Мазепи провулок	1-й Івана Мазепи провулок
1-й Івана Підкови провулок	1-й Івана Підкови провулок
1-й Івана Пулюя проїзд	1-й Івана Пулюя проїзд
1-й Івана Франка провулок	1-й Івана Франка провулок
1-й Івана Хоменка провулок	1-й Івана Хоменка провулок
1-й Івана Чирки провулок	1-й Івана Чирки провулок
1-й Ігоря Костецького провулок	1-й Ігоря Костецького провулок
1-й Ігоря Муратова провулок	1-й Ігоря Муратова провулок
1-й Ігоря Сікорського провулок	1-й Ігоря Сікорського провулок
1-й Іларія Карбулицького провулок	1-й Іларія Карбулицького провулок
1-й Іллі Рєпіна в'їзд	1-й Іллі Рєпіна вʼїзд
1-й Іллінської вулиці провулок	1-й Іллінської вулиці провулок
1-й Кавалерідзе вулиці провулок	1-й Кавалерідзе вулиці провулок
1-й Карла Маркса провулок	1-й Карла Маркса провулок
1-й Каті Зеленко провулок	1-й Каті Зеленко провулок
1-й Київської вулиці провулок	1-й Київської вулиці провулок
1-й Кирила Бочкарьова тупик	1-й Кирила Бочкарьова тупик
1-й км Новомиколаївської дороги	1-й км Новомиколаївської дороги
1-й Козацької Слави провулок	1-й Козацької Слави провулок
1-й Комсомольської вулиці провулок	1-й Комсомольської вулиці провулок
1-й Кононівської вулиці провулок	1-й Кононівської вулиці провулок
1-й Кривий Брід провулок	1-й Кривий Брід провулок
1-й Левка Симиренка в’їзд	1-й Левка Симиренка вʼїзд
1-й Леоніда Каденюка провулок	1-й Леоніда Каденюка провулок
1-й Леоніда Мосендза провулок	1-й Леоніда Мосендза провулок
1-й Лесі Українки провулок	1-й Лесі Українки провулок
1-й Лесі УКраїнки провулок	1-й Лесі УКраїнки провулок
1-й Леся Курбаса провулок	1-й Леся Курбаса провулок
1-й Лікарняної вулиці провулок	1-й Лікарняної вулиці провулок
1-й Лубенського Полку провулок	1-й Лубенського Полку провулок
1-й Луї Пастера в’їзд	1-й Луї Пастера вʼїзд
1-й Льва Толстого провулок	1-й Льва Толстого провулок
1-й Людмили Борисової провулок	1-й Людмили Борисової провулок
1-й Лялі Убийвовк провулок	1-й Лялі Убийвовк провулок
1-й Максима Рильського провулок	1-й Максима Рильського провулок
1-й Максима Шаповала провулок	1-й Максима Шаповала провулок
1-й Марії Литвиненко-Вольгемут провулок	1-й Марії Литвиненко-Вольгемут провулок
1-й Марії Литвиненко-Вольгемут тупик	1-й Марії Литвиненко-Вольгемут тупик
1-й Марії Примаченко провулок	1-й Марії Примаченко провулок
1-й Миколи Костомарова провулок	1-й Миколи Костомарова провулок
1-й Миколи Леонтовича провулок	1-й Миколи Леонтовича провулок
1-й Миколи Міхновського провулок	1-й Миколи Міхновського провулок
1-й Миколи Римського-Корсакова провулок	1-й Миколи Римського-Корсакова провулок
1-й Миколи Романенка провулок	1-й Миколи Романенка провулок
1-й Миколи Хвильового провулок	1-й Миколи Хвильового провулок
1-й Мирослава Скорика провулок	1-й Мирослава Скорика провулок
1-й Миру вулиці провулок	1-й Миру вулиці провулок
1-й Михайла Грищенка провулок	1-й Михайла Грищенка провулок
1-й Михайла Грушевського провулок	1-й Михайла Грушевського провулок
1-й Молодіжної вулиці провулок	1-й Молодіжної вулиці провулок
1-й Моріса Тореза провулок	1-й Моріса Тореза провулок
1-й Н. Сосніної провулок	1-й Н. Сосніної провулок
1-й Насті Присяжнюк провулок	1-й Насті Присяжнюк провулок
1-й Немирівське шосе провулок	1-й Немирівське шосе провулок
1-й Нове Життя провулок	1-й Нове Життя провулок
1-й Оболоньської вулиці провулок	1-й Оболоньської вулиці провулок
1-й Овчаренка Дмитра в’їзд	1-й Овчаренка Дмитра вʼїзд
1-й Олександра Герцена провулок	1-й Олександра Герцена провулок
1-й Олександра Довженка в'їзд	1-й Олександра Довженка вʼїзд
1-й Олександра Лотоцького провулок	1-й Олександра Лотоцького провулок
1-й Олександра Невського провулок	1-й Олександра Невського провулок
1-й Олекси Десняка провулок	1-й Олекси Десняка провулок
1-й Олексія Алчевського провулок	1-й Олексія Алчевського провулок
1-й Олексія Миргородського провулок	1-й Олексія Миргородського провулок
1-й Олексія Миргородського проїзд	1-й Олексія Миргородського проїзд
1-й Олеся Гончара провулок	1-й Олеся Гончара провулок
1-й Омеляна Грабця провулок	1-й Омеляна Грабця провулок
1-й Опанаса Сластіона провулок	1-й Опанаса Сластіона провулок
1-й Петера Новотні провулок	1-й Петера Новотні провулок
1-й Петра Вовни провулок	1-й Петра Вовни провулок
1-й Петра Волинця провулок	1-й Петра Волинця провулок
1-й Петра Сагайдачного провулок	1-й Петра Сагайдачного провулок
1-й Пилипа Орлика провулок	1-й Пилипа Орлика провулок
1-й Покровської вулиці провулок	1-й провулок Покровської вулиці
1-й Полтавської вулиці провулок	1-й Полтавської вулиці провулок
1-й Польового Майдану проїзд	1-й Польового Майдану проїзд
1-й Посульський Узвіз тупик	1-й Посульський Узвіз тупик
1-й Праведників світу проїзд	1-й Праведників світу проїзд
1-й провулок Битий Шлях	1-й провулок Битий Шлях
1-й провулок Карла Маркса	1-й провулок Карла Маркса
1-й провулок Олексія Дем'янюка	1-й провулок Олексія Демʼянюка
1-й провулок Радянської вулиці	1-й провулок Радянської вулиці
1-й проезд 21-го МЮДа	1-й проезд 21-го МЮДа
1-й проезд Верхоянской улици	1-й проезд Верхоянской улици
1-й проезд Восточной улицы	1-й проезд Восточной улицы
1-й проезд улицы Бойкая	1-й проезд улицы Бойкая
1-й проезд улицы Сеченова	1-й проезд улицы Сеченова
1-й Професора Голуба провулок	1-й Професора Голуба провулок
1-й Радянської вулиці провулок	1-й Радянської вулиці провулок
1-й Рози Люксембург провулок	1-й Рози Люксембург провулок
1-й Романа Балаби провулок	1-й Романа Балаби провулок
1-й Роменської вулиці провулок	1-й Роменської вулиці провулок
1-й Русанівської вулиці провулок	1-й Русанівської вулиці провулок
1-й Садової вулици провулок	1-й Садової вулици провулок
1-й Світанкової вулиці провулок	1-й Світанкової вулиці провулок
1-й Семена Галицького провулок	1-й Семена Галицького провулок
1-й Семена Гаркуші провулок	1-й Семена Гаркуші провулок
1-й Семена Палія провулок	1-й Семена Палія провулок
1-й Симона Петлюри провулок	1-й Симона Петлюри провулок
1-й Січових стрільців провулок	1-й Січових стрільців провулок
1-й Січових Стрільців провулок	1-й Січових Стрільців провулок
1-й Софії Русової провулок	1-й Софії Русової провулок
1-й Старий Шлях провулок	1-й Старий Шлях провулок
1-й Суворова вулиці провулок	1-й Суворова вулиці провулок
1-й Тараса Шевченка провулок	1-й Тараса Шевченка провулок
1-й Тетяни Яблонської провулок	1-й Тетяни Яблонської провулок
1-й Тракторної вулиці провулок	1-й Тракторної вулиці провулок
1-й тупик улицы Боженко	1-й тупик улицы Боженко
1-й тупик улицы Гоженко	1-й тупик улицы Гоженко
1-й Устима Кармелюка провулок	1-й Устима Кармелюка провулок
1-й Хмельницького шосе провулок	1-й Хмельницького шосе провулок
1-й Центральної вулиці тупик	1-й Центральної вулиці тупик
1-й Чернишевського вулиці провулок	1-й Чернишевського вулиці провулок
1-й Шевченка вулиці провулок	1-й Шевченка вулиці провулок
1-й Шкільної вулиці провулок	1-й Шкільної вулиці провулок
1-й Щасливої вулиці провулок	1-й Щасливої вулиці провулок
1-й Щепкіна вулиці провулок	1-й Щепкіна вулиці провулок
1-й Юрія Гагаріна провулок	1-й Юрія Гагаріна провулок
1-й Юрія Левади проїзд	1-й Юрія Левади проїзд
1-й Яблуневої вулици провулок	1-й Яблуневої вулици провулок
1-й Якова Батюка провулок	1-й Якова Батюка провулок
1-й Якова Степового провулок	1-й Якова Степового провулок
1-й Ярослава Мудрого провулок	1-й Ярослава Мудрого провулок
10 років Жовтню вулиця	10 років Жовтню вулиця
10 років Жовтню провулок	10 років Жовтню провулок
10 років Жовтню проїзд	10 років Жовтню проїзд
10 ряд Нижній Шувар	10 ряд Нижній Шувар
10-ї Гвардійської Дивізії вулиця	10-ї Гвардійської Дивізії вулиця
10-р Незалежності України вулиця	10-р Незалежності України вулиця
10-річчя Конституції України вулиця	10-річчя Конституції України вулиця
100 років Нафтовиків вулиця	100 років Нафтовиків вулиця
100-річчя Червоного Хреста вулиця	100-річчя Червоного Хреста вулиця
107-ї Кременецької Дивізії вулиця	107-ї Кременецької Дивізії вулиця
108-ї Гвардійської Дивізії вулиця	108-ї Гвардійської Дивізії вулиця
11 ряд Нижній Шувар	11 ряд Нижній Шувар
11-а станція Люстдорфської дороги	11-а станція Люстдорфської дороги
11-й км Смілянського шосе	11-й км Смілянського шосе
11-я станция Люстдорфской дороги	11-я станция Люстдорфской дороги
116-ї Стрілкової Дивізії вулиця	116-ї Стрілкової Дивізії вулиця
118 Полеглих Революціонерів вулиця	118 Полеглих Революціонерів вулиця
11а ряд Нижній Шувар	11а ряд Нижній Шувар
12 Невідомих Героїв вулиця	12 Невідомих Героїв вулиця
12-а ст. Фонтанської дороги	12-а ст. Фонтанської дороги
12-ї Гвардійської Дивізії вулиця	12-ї Гвардійської Дивізії вулиця
121-ї Стрілецької Дивізії вулиця	121-ї Стрілецької Дивізії вулиця
127-й км трассы Киев-Чоп	127-й км трассы Киев-Чоп
13-а ст. Фонтанської дороги	13-а ст. Фонтанської дороги
13-го З’їзду ВЛКСМ вулиця	13-го Зʼїзду ВЛКСМ вулиця
130-ї Стрілкової Дівізії вулиця	130-ї Стрілкової Дівізії вулиця
130-ї Таганрогзької дивізії проспект	130-ї Таганрогзької дивізії проспект
130-ї Таганрозької дивізії вулиця	130-ї Таганрозької дивізії вулиця
14 Гвардійської дивізії вулиця	14 Гвардійської дивізії вулиця
14 Героїв соцпраці вулиця	14 Героїв соцпраці вулиця
14-ї гвардійської дивізії вулиця	14-ї гвардійської дивізії вулиця
15-ї Стрілецької Дивізії вулиця	15-ї Стрілецької Дивізії вулиця
150 років Курорту вулиця	150 років Курорту вулиця
151-ї Стрілецької Дивізії вулиця	151-ї Стрілецької Дивізії вулиця
152 Стрілецької дивізії вулиця	152 Стрілецької дивізії вулиця
152-ї Стрілецької дивізії вулиця	152-ї Стрілецької дивізії вулиця
16-а Героїв Майдану вулиця	16-а Героїв Майдану вулиця
17-го Партійного З'їзду вулиця	17-го Партійного Зʼїзду вулиця
18 Козацької Сотні вулиця	18 Козацької Сотні вулиця
195 Стрілецької Дивізії вулиця	195 Стрілецької Дивізії вулиця
195-ї Стрілецької Дивізії вулиця	195-ї Стрілецької Дивізії вулиця
2 проезд 21 мюда	2 проезд 21 мюда
2 ряд Нижній Шувар	2 ряд Нижній Шувар
2- й проезд Бабушкина	2- й проезд Бабушкина
2-а Архипа Тесленка вулиця	2-а Архипа Тесленка вулиця
2-а Лесі Українки вулиця	2-а Лесі Українки вулиця
2-а лінія вулиці Громова	2-а лінія вулиці Громова
2-го Українського Фронту вулиця	2-го Українського Фронту вулиця
2-й 30-ччя Перемоги провулок	2-й 30-ччя Перемоги провулок
2-й Академіка Вернадського проїзд	2-й Академіка Вернадського проїзд
2-й Академіка Корольова провулок	2-й Академіка Корольова провулок
2-й Академіка Пирогова провулок	2-й Академіка Пирогова провулок
2-й Алли Горської провулок	2-й Алли Горської провулок
2-й Антона Турчановича провулок	2-й Антона Турчановича провулок
2-й Аріадни Стебельської провулок	2-й Аріадни Стебельської провулок
2-й Б. Хмельницького провулок	2-й Б. Хмельницького провулок
2-й Благовіщенської вулиці провулок	2-й Благовіщенської вулиці провулок
2-й Богдана Хмельницького провулок	2-й Богдана Хмельницького провулок
2-й Бойківської вулиці провулок	2-й Бойківської вулиці провулок
2-й Бориса Гмирі провулок	2-й Бориса Гмирі провулок
2-й Бориса Грінченка провулок	2-й Бориса Грінченка провулок
2-й Бориса Шкляра провулок	2-й Бориса Шкляра провулок
2-й В’ячеслава Чорновола провулок	2-й Вʼячеслава Чорновола провулок
2-й Вадима Пузирьова провулок	2-й Вадима Пузирьова провулок
2-й Василенкове Поле провулок	2-й Василенкове Поле провулок
2-й Василя Кандинського провулок	2-й Василя Кандинського провулок
2-й Василя Сліпака провулок	2-й Василя Сліпака провулок
2-й Василя Стуса провулок	2-й Василя Стуса провулок
2-й Василя Чапаєва провулок	2-й Василя Чапаєва провулок
2-й Васіле Александрі провулок	2-й Васіле Александрі провулок
2-й Верхній Вокзальний провулок	2-й Верхній Вокзальний провулок
2-й Вишневої вулиці провулок	2-й Вишневої вулиці провулок
2-й Віктора Блащука проїзд	2-й Віктора Блащука проїзд
2-й Віктора Мирутенка провулок	2-й Віктора Мирутенка провулок
2-й Володимира Івасюка провулок	2-й Володимира Івасюка провулок
2-й Володимира Свідзінського провулок	2-й Володимира Свідзінського провулок
2-й Генерала Арабея проїзд	2-й Генерала Арабея проїзд
2-й Героїв Роменщини провулок	2-й Героїв Роменщини провулок
2-й Героїв України провулок	2-й Героїв України провулок
2-й Героїв Чорнобиля провулок	2-й Героїв Чорнобиля провулок
2-й Гетьмана Дорошенка провулок	2-й Гетьмана Дорошенка провулок
2-й Гетьмана Скоропадського провулок	2-й Гетьмана Скоропадського провулок
2-й Гната Танцюри провулок	2-й Гната Танцюри провулок
2-й Гната Юри проїзд	2-й Гната Юри проїзд
2-й Гніванське шосе провулок	2-й Гніванське шосе провулок
2-й Григорія Чупринки провулок	2-й Григорія Чупринки провулок
2-й Данила Галицького провулок	2-й Данила Галицького провулок
2-й Данила Нечая провулок	2-й Данила Нечая провулок
2-й Дениса Квітковського провулок	2-й Дениса Квітковського провулок
2-й Другої П'ятирічки провулок	2-й Другої Пʼятирічки провулок
2-й Дубрівське шосе провулок	2-й Дубрівське шосе провулок
2-й Євгена Чикаленка провулок	2-й Євгена Чикаленка провулок
2-й Жовтневої вулиці провулок	2-й Жовтневої вулиці провулок
2-й Залізничної вулиці провулок	2-й Залізничної вулиці провулок
2-й І. Франка провулок	2-й І. Франка провулок
2-й Івана Виговського провулок	2-й Івана Виговського провулок
2-й Івана Підкови провулок	2-й Івана Підкови провулок
2-й Івана Пулюя проїзд	2-й Івана Пулюя проїзд
2-й Івана Франка провулок	2-й Івана Франка провулок
2-й Івана Хоменка провулок	2-й Івана Хоменка провулок
2-й Ігоря Костецького провулок	2-й Ігоря Костецького провулок
2-й Ігоря Муратова провулок	2-й Ігоря Муратова провулок
2-й Ігоря Сікорського провулок	2-й Ігоря Сікорського провулок
2-й Іларія Карбулицького провулок	2-й Іларія Карбулицького провулок
2-й Іллі Рєпіна в'їзд	2-й Іллі Рєпіна вʼїзд
2-й Кавалерідзе вулиці провулок	2-й Кавалерідзе вулиці провулок
2-й Карла Маркса провулок	2-й Карла Маркса провулок
2-й Кирила Бочкарьова тупик	2-й Кирила Бочкарьова тупик
2-й Козацької Слави провулок	2-й Козацької Слави провулок
2-й Комсомольської вулиці провулок	2-й Комсомольської вулиці провулок
2-й конной дивизии 33	2-й конной дивизии 33
2-й Кононівської вулиці провулок	2-й Кононівської вулиці провулок
2-й Костянтина Калініна в’їзд	2-й Костянтина Калініна вʼїзд
2-й Кривий Брід провулок	2-й Кривий Брід провулок
2-й Левка Симиренка в’їзд	2-й Левка Симиренка вʼїзд
2-й Леоніда Каденюка провулок	2-й Леоніда Каденюка провулок
2-й Леоніда Мосендза провулок	2-й Леоніда Мосендза провулок
2-й Лесі Українки провулок	2-й Лесі Українки провулок
2-й Лесі УКраїнки провулок	2-й Лесі УКраїнки провулок
2-й Лікарняної вулиці провулок	2-й Лікарняної вулиці провулок
2-й Луї Пастера в’їзд	2-й Луї Пастера вʼїзд
2-й Льва Толстого провулок	2-й Льва Толстого провулок
2-й Людмили Борисової провулок	2-й Людмили Борисової провулок
2-й Лялі Убийвовк провулок	2-й Лялі Убийвовк провулок
2-й Максима Рильського провулок	2-й Максима Рильського провулок
2-й Максима Шаповала провулок	2-й Максима Шаповала провулок
2-й Марії Литвиненко-Вольгемут провулок	2-й Марії Литвиненко-Вольгемут провулок
2-й Марії Примаченко провулок	2-й Марії Примаченко провулок
2-й Миколи Костомарова провулок	2-й Миколи Костомарова провулок
2-й Миколи Міхновського провулок	2-й Миколи Міхновського провулок
2-й Миколи Романенка провулок	2-й Миколи Романенка провулок
2-й Миколи Хвильового провулок	2-й Миколи Хвильового провулок
2-й Мирослава Скорика провулок	2-й Мирослава Скорика провулок
2-й Михайла Грищенка провулок	2-й Михайла Грищенка провулок
2-й Михайла Грушевського провулок	2-й Михайла Грушевського провулок
2-й Михайла Кутузова провулок	2-й Михайла Кутузова провулок
2-й Михайла Ломоносова провулок	2-й Михайла Ломоносова провулок
2-й Міхала Чайковського провулок	2-й Міхала Чайковського провулок
2-й Молодіжної вулиці провулок	2-й Молодіжної вулиці провулок
2-й Моріса Тореза провулок	2-й Моріса Тореза провулок
2-й Н. Сосніної провулок	2-й Н. Сосніної провулок
2-й Насті Присяжнюк провулок	2-й Насті Присяжнюк провулок
2-й Нове Життя провулок	2-й Нове Життя провулок
2-й Оболоньської вулиці провулок	2-й Оболоньської вулиці провулок
2-й Овчаренка Дмитра в’їзд	2-й Овчаренка Дмитра вʼїзд
2-й Олександра Герцена провулок	2-й Олександра Герцена провулок
2-й Олександра Довженка в'їзд	2-й Олександра Довженка вʼїзд
2-й Олександра Довженка провулок	2-й Олександра Довженка провулок
2-й Олександра Лотоцького провулок	2-й Олександра Лотоцького провулок
2-й Олександра Матросова провулок	2-й Олександра Матросова провулок
2-й Олександра Можайського провулок	2-й Олександра Можайського провулок
2-й Олександра Невського провулок	2-й Олександра Невського провулок
2-й Олекси Десняка провулок	2-й Олекси Десняка провулок
2-й Олексія Алчевського провулок	2-й Олексія Алчевського провулок
2-й Олексія Миргородського провулок	2-й Олексія Миргородського провулок
2-й Олексія Миргородського проїзд	2-й Олексія Миргородського проїзд
2-й Олени Степанівни провулок	2-й Олени Степанівни провулок
2-й Омеляна Грабця провулок	2-й Омеляна Грабця провулок
2-й Опанаса Сластіона провулок	2-й Опанаса Сластіона провулок
2-й Отамана Сірка провулок	2-й Отамана Сірка провулок
2-й Петера Новотні провулок	2-й Петера Новотні провулок
2-й Петра Вовни провулок	2-й Петра Вовни провулок
2-й Петра Волиняка провулок	2-й Петра Волиняка провулок
2-й Петра Сагайдачного провулок	2-й Петра Сагайдачного провулок
2-й Пилипа Орлика провулок	2-й Пилипа Орлика провулок
2-й Покровського Узвозу провулок	2-й Покровського Узвозу провулок
2-й Покровської вулиці провулок	2-й Покровської вулиці провулок
2-й Полтавської вулиці провулок	2-й Полтавської вулиці провулок
2-й Польового Майдану проїзд	2-й Польового Майдану проїзд
2-й Посульський Узвіз тупик	2-й Посульський Узвіз тупик
2-й Праведників світу проїзд	2-й Праведників світу проїзд
2-й провулок Битий Шлях	2-й провулок Битий Шлях
2-й провулок Карла Маркса	2-й провулок Карла Маркса
2-й провулок Комсомольської вулиці	2-й провулок Комсомольської вулиці
2-й провулок Леніна вулиці	2-й провулок Леніна вулиці
2-й провулок Олексія Дем'янюка	2-й провулок Олексія Демʼянюка
2-й проезд Восточной улицы	2-й проезд Восточной улицы
2-й проезд Западной улицы	2-й проезд Западной улицы
2-й проезд Озен Бою	2-й проезд Озен Бою
2-й проезд улицы Бойкая	2-й проезд улицы Бойкая
2-й Професора Голуба провулок	2-й Професора Голуба провулок
2-й Романа Балаби провулок	2-й Романа Балаби провулок
2-й Роменсько-Київської Дивізії провулок	2-й Роменсько-Київської Дивізії провулок
2-й Роменської вулиці провулок	2-й Роменської вулиці провулок
2-й Северина Наливайка провулок	2-й Северина Наливайка провулок
2-й Семена Галицького провулок	2-й Семена Галицького провулок
2-й Семена Палія провулок	2-й Семена Палія провулок
2-й Семирічки вулиці провулок	2-й Семирічки вулиці провулок
2-й Симона Петлюри провулок	2-й Симона Петлюри провулок
2-й Січових Стрільців провулок	2-й Січових Стрільців провулок
2-й Софії Русової провулок	2-й Софії Русової провулок
2-й Старий Шлях провулок	2-й Старий Шлях провулок
2-й Тараса Шевченка провулок	2-й Тараса Шевченка провулок
2-й Тетяни Яблонської провулок	2-й Тетяни Яблонської провулок
2-й Тракторної вулиці провулок	2-й Тракторної вулиці провулок
2-й Троїцької вулиці провулок	2-й Троїцької вулиці провулок
2-й тупик Западной улицы	2-й тупик Западной улицы
2-й тупик Парижской Коммуны	2-й тупик Парижской Коммуны
2-й тупик Проездной улицы	2-й тупик Проездной улицы
2-й тупик улицы Боженко	2-й тупик улицы Боженко
2-й тупик улицы Гоженко	2-й тупик улицы Гоженко
2-й Устима Кармелюка провулок	2-й Устима Кармелюка провулок
2-й Хмельницького шосе провулок	2-й Хмельницького шосе провулок
2-й Центральної вулиці тупик	2-й Центральної вулиці тупик
2-й Чернишевського вулиці провулок	2-й Чернишевського вулиці провулок
2-й Шевченка вулиці провулок	2-й Шевченка вулиці провулок
2-й Юрія Гагаріна провулок	2-й Юрія Гагаріна провулок
2-й Юрія Левади проїзд	2-й Юрія Левади проїзд
2-й Якова Батюка провулок	2-й Якова Батюка провулок
2-й Якова Степового провулок	2-й Якова Степового провулок
2-й Ярослава Мудрого провулок	2-й Ярослава Мудрого провулок
2-ої Гвардійської Армії вулиця	2-ої Гвардійської Армії вулиця
20 Гвардійської дивізії вулиця	20 Гвардійської дивізії вулиця
20 років Жовтню вулиця	20 років Жовтню вулиця
20 років Жовтню провулок	20 років Жовтню провулок
20 років Міліції вулиця	20 років Міліції вулиця
20 років Незалежності вулиця	20 років Незалежності вулиця
20 років Перемоги провулок	20 років Перемоги провулок
20-го з'їзду ВЛКСМ вулиця	20-го зʼїзду ВЛКСМ вулиця
20-го З'їзду КПРС вулиця	20-го Зʼїзду КПРС вулиця
20-го З’їзду Партії вулиця	20-го Зʼїзду Партії вулиця
20-ї Дистанції колії 10	20-ї Дистанції колії 10
200 річчя Херсона вулиця	200 річчя Херсона вулиця
200 років Станіславу вулиця	200 років Станіславу вулиця
200-річчя Голої Пристані вулиця	200-річчя Голої Пристані вулиця
200-річчя Кривого Рога проспект	200-річчя Кривого Рога проспект
200-річчя Кривого Рогу проспект	200-річчя Кривого Рогу проспект
2000-ліття Різдва Христового вулиця	2000-ліття Різдва Христового вулиця
2000-річчя Різдва Христового вулиця	2000-річчя Різдва Христового вулиця
203-ї Стрілецької Дивізії вулиця	203-ї Стрілецької Дивізії вулиця
21 км Старокиївського шосе	21 км Старокиївського шосе
219-ї Танкової Бригади вулиця	219-ї Танкової Бригади вулиця
22-го З’їзду КПРС вулиця	22-го Зʼїзду КПРС вулиця
221-ї Стрілкової дивізії бульвар	221-ї Стрілкової дивізії бульвар
223-ї стрілецької дивізії вулиця	223-ї стрілецької дивізії вулиця
228 стрілецької дивізії вулиця	228 стрілецької дивізії вулиця
228 Стрілецької Дивізії вулиця	228 Стрілецької Дивізії вулиця
228-ї Стрілецької Дивізії вулиця	228-ї Стрілецької Дивізії вулиця
23-го З’їзду КПРС вулиця	23-го Зʼїзду КПРС вулиця
230-ї Стрілецької Дивізії вулиця	230-ї Стрілецької Дивізії вулиця
24 гвардійської дивізії вулиця	24 гвардійської дивізії вулиця
24-ї бригади ЗСУ вулиця	24-ї бригади ЗСУ вулиця
24-ї Гвардійської Дивізії вулиця	24-ї Гвардійської Дивізії вулиця
25 років РСП(б) вулиця	25 років РСП(б) вулиця
25-ї Січеславської Бригади вулиця	25-ї Січеславської Бригади вулиця
25-ї Чапаєвської Дивізії вулиця	25-ї Чапаєвської Дивізії вулиця
250 років Донбасу вулиця	250 років Донбасу вулиця
26 Бакинських комісарів вулиця	26 Бакинських комісарів вулиця
26 Бакинських Комісарів вулиця	26 Бакинських Комісарів вулиця
26 Бакінських Комісарів вулиця	26 Бакінських Комісарів вулиця
26-ти Бакинських Комісарів вулиця	26-ти Бакинських Комісарів вулиця
26-ти Бакінських Комісарів вулиця	26-ти Бакінських Комісарів вулиця
268-го Срілецького Полку вулиця	268-го Срілецького Полку вулиця
276-ї Стрілецької Дивізії вулиця	276-ї Стрілецької Дивізії вулиця
295-ї Стрілецької Дивізії вулиця	295-ї Стрілецької Дивізії вулиця
3 ряд Нижній Шувар	3 ряд Нижній Шувар
3-а лінія вулиці Громова	3-а лінія вулиці Громова
3-го Гвардійського Полку вулиця	3-го Гвардійського Полку вулиця
3-й Адмірала Лозівського провулок	3-й Адмірала Лозівського провулок
3-й Академіка Корольова провулок	3-й Академіка Корольова провулок
3-й Академіка Пирогова провулок	3-й Академіка Пирогова провулок
3-й Антона Турчановича провулок	3-й Антона Турчановича провулок
3-й Аріадни Стебельської провулок	3-й Аріадни Стебельської провулок
3-й Б. Хмельницького провулок	3-й Б. Хмельницького провулок
3-й Богдана Хмельницького провулок	3-й Богдана Хмельницького провулок
3-й Бориса Гмирі провулок	3-й Бориса Гмирі провулок
3-й Василенкове Поле провулок	3-й Василенкове Поле провулок
3-й Василя Кандинського провулок	3-й Василя Кандинського провулок
3-й Василя Стефаника провулок	3-й Василя Стефаника провулок
3-й Василя Стуса провулок	3-й Василя Стуса провулок
3-й Верхній Вокзальний провулок	3-й Верхній Вокзальний провулок
3-й Вишневої вулиці провулок	3-й Вишневої вулиці провулок
3-й Володимира Свідзінського провулок	3-й Володимира Свідзінського провулок
3-й Генерала Арабея проїзд	3-й Генерала Арабея проїзд
3-й Героїв Роменщини провулок	3-й Героїв Роменщини провулок
3-й Героїв України провулок	3-й Героїв України провулок
3-й Гетьмана Дорошенка провулок	3-й Гетьмана Дорошенка провулок
3-й Гніванське шосе провулок	3-й Гніванське шосе провулок
3-й Григорія Чупринки провулок	3-й Григорія Чупринки провулок
3-й Данила Нечая провулок	3-й Данила Нечая провулок
3-й Євгена Чикаленка провулок	3-й Євгена Чикаленка провулок
3-й Жовтневої вулиці провулок	3-й Жовтневої вулиці провулок
3-й Залізничної вулиці провулок	3-й Залізничної вулиці провулок
3-й Івана Липи провулок	3-й Івана Липи провулок
3-й Івана Пулюя проїзд	3-й Івана Пулюя проїзд
3-й Івана Франка провулок	3-й Івана Франка провулок
3-й Іларія Карбулицького провулок	3-й Іларія Карбулицького провулок
3-й Кирила Бочкарьова тупик	3-й Кирила Бочкарьова тупик
3-й Козацької Слави провулок	3-й Козацької Слави провулок
3-й Кононівської вулиці провулок	3-й Кононівської вулиці провулок
3-й Кривий Брід провулок	3-й Кривий Брід провулок
3-й Левка Симиренка в’їзд	3-й Левка Симиренка вʼїзд
3-й Леоніда Каденюка провулок	3-й Леоніда Каденюка провулок
3-й Лесі Українки провулок	3-й Лесі Українки провулок
3-й Лікаря Маєвського провулок	3-й Лікаря Маєвського провулок
3-й Луї Пастера в’їзд	3-й Луї Пастера вʼїзд
3-й Людмили Борисової провулок	3-й Людмили Борисової провулок
3-й Максима Шаповала провулок	3-й Максима Шаповала провулок
3-й Марії Примаченко провулок	3-й Марії Примаченко провулок
3-й Миколи Міхновського провулок	3-й Миколи Міхновського провулок
3-й Михайла Грушевського провулок	3-й Михайла Грушевського провулок
3-й Михайла Кутузова провулок	3-й Михайла Кутузова провулок
3-й Міхала Чайковського провулок	3-й Міхала Чайковського провулок
3-й Моріса Тореза провулок	3-й Моріса Тореза провулок
3-й Насті Присяжнюк провулок	3-й Насті Присяжнюк провулок
3-й Олександра Герцена провулок	3-й Олександра Герцена провулок
3-й Олександра Лотоцького провулок	3-й Олександра Лотоцького провулок
3-й Олекси Десняка провулок	3-й Олекси Десняка провулок
3-й Олексія Алчевського провулок	3-й Олексія Алчевського провулок
3-й Олексія Миргородського проїзд	3-й Олексія Миргородського проїзд
3-й Олени Степанівни провулок	3-й Олени Степанівни провулок
3-й Отамана Сірка провулок	3-й Отамана Сірка провулок
3-й Паризької Комуни в’їзд	3-й Паризької Комуни вʼїзд
3-й Петра Вовни провулок	3-й Петра Вовни провулок
3-й Петра Волиняка провулок	3-й Петра Волиняка провулок
3-й Полтавської вулиці провулок	3-й Полтавської вулиці провулок
3-й Посульський Узвіз тупик	3-й Посульський Узвіз тупик
3-й Праведників світу проїзд	3-й Праведників світу проїзд
3-й проезд Восточной улицы	3-й проезд Восточной улицы
3-й проезд Западной улицы	3-й проезд Западной улицы
3-й проезд Озен Бою	3-й проезд Озен Бою
3-й Професійної вулиці провулок	3-й Професійної вулиці провулок
3-й Роменської вулиці провулок	3-й Роменської вулиці провулок
3-й Симона Петлюри провулок	3-й Симона Петлюри провулок
3-й Січових Стрільців провулок	3-й Січових Стрільців провулок
3-й Тараса Шевченка провулок	3-й Тараса Шевченка провулок
3-й тупик Проездной улицы	3-й тупик Проездной улицы
3-й тупик улицы Боженко	3-й тупик улицы Боженко
3-й тупик улицы Гоженко	3-й тупик улицы Гоженко
3-й Юрія Глухова провулок	3-й Юрія Глухова провулок
3-й Юрія Левади проїзд	3-й Юрія Левади проїзд
3-й Якова Степового провулок	3-й Якова Степового провулок
3-й Ярослава Мудрого провулок	3-й Ярослава Мудрого провулок
3-я Архипа Тесленка вулиця	3-я Архипа Тесленка вулиця
3-я ст. Люстдорфської дороги	3-я ст. Люстдорфської дороги
30 лєт Побєди вулиця	30 лєт Побєди вулиця
30 р. Перемоги вулиця	30 р. Перемоги вулиця
30 річча Перемоги вулиця	30 річча Перемоги вулиця
30 річчя Перемоги вулиця	30 річчя Перемоги вулиця
30 років Визволення вулиця	30 років Визволення вулиця
30 років ВЛКСМ вулиця	30 років ВЛКСМ вулиця
30 років Перемоги бульвар	30 років Перемоги бульвар
30 років перемоги вулиця	30 років перемоги вулиця
30 років Перемоги вулиця	30 років Перемоги вулиця
30 років Перемоги провулок	30 років Перемоги провулок
30 років СРСР вулиця	30 років СРСР вулиця
30-ї Іркутської Дивізії вулиця	30-ї Іркутської Дивізії вулиця
30-ти річчя Перемоги вулиця	30-ти річчя Перемоги вулиця
300-річчя Кам’ янки вулиця	300-річчя Камʼ янки вулиця
301 Стрілецької Дивізії вулиця	301 Стрілецької Дивізії вулиця
301-ї Донецької Дивізії вулиця	301-ї Донецької Дивізії вулиця
301-ї Стрілецької Дивізії вулиця	301-ї Стрілецької Дивізії вулиця
32-ї Танкової Бригади вулиця	32-ї Танкової Бригади вулиця
32-ої Танкової Бригади вулиця	32-ої Танкової Бригади вулиця
33-ї Гвардійської Дивізії вулиця	33-ї Гвардійської Дивізії вулиця
35 Гвардійської Дивізії вулиця	35 Гвардійської Дивізії вулиця
35 Років Перемоги вулиця	35 Років Перемоги вулиця
35-ї гвардійської дивізії вулиця	35-ї гвардійської дивізії вулиця
36-ї Гвардійської Дивізії вулиця	36-ї Гвардійської Дивізії вулиця
39 років Перемоги вулиця	39 років Перемоги вулиця
395-ї Шахтарської Дивізії вулиця	395-ї Шахтарської Дивізії вулиця
4 ряд Нижній Шувар	4 ряд Нижній Шувар
4-а Архипа Тесленка вулиця	4-а Архипа Тесленка вулиця
4-а лінія провулку Громова	4-а лінія провулку Громова
4-а станція Люстдорфськой дороги	4-а станція Люстдорфськой дороги
4-ї Гвардійської Армії вулиця	4-ї Гвардійської Армії вулиця
4-ї Гвардійської мехбригади вулиця	4-ї Гвардійської мехбригади вулиця
4-й Аріадни Стебельської провулок	4-й Аріадни Стебельської провулок
4-й Б. Хмельницького провулок	4-й Б. Хмельницького провулок
4-й Богдана Хмельницького провулок	4-й Богдана Хмельницького провулок
4-й Бориса Гмирі провулок	4-й Бориса Гмирі провулок
4-й Василенкове Поле провулок	4-й Василенкове Поле провулок
4-й Василя Кандинського провулок	4-й Василя Кандинського провулок
4-й Василя Стефаника провулок	4-й Василя Стефаника провулок
4-й Генерала Арабея проїзд	4-й Генерала Арабея проїзд
4-й Героїв Роменщини провулок	4-й Героїв Роменщини провулок
4-й Гетьмана Дорошенка провулок	4-й Гетьмана Дорошенка провулок
4-й Гніванське шосе провулок	4-й Гніванське шосе провулок
4-й Григорія Чупринки провулок	4-й Григорія Чупринки провулок
4-й Євгена Чикаленка провулок	4-й Євгена Чикаленка провулок
4-й Івана Франка провулок	4-й Івана Франка провулок
4-й Кирила Бочкарьова тупик	4-й Кирила Бочкарьова тупик
4-й Кононівської вулиці провулок	4-й Кононівської вулиці провулок
4-й Кривий Брід провулок	4-й Кривий Брід провулок
4-й Леоніда Каденюка провулок	4-й Леоніда Каденюка провулок
4-й Луї Пастера в’їзд	4-й Луї Пастера вʼїзд
4-й Максима Шаповала провулок	4-й Максима Шаповала провулок
4-й Миколи Міхновського провулок	4-й Миколи Міхновського провулок
4-й Олексія Алчевського провулок	4-й Олексія Алчевського провулок
4-й Олени Степанівни провулок	4-й Олени Степанівни провулок
4-й Полтавської вулиці провулок	4-й Полтавської вулиці провулок
4-й проезд Восточной улицы	4-й проезд Восточной улицы
4-й Роменської вулиці провулок	4-й Роменської вулиці провулок
4-й Семирічки вулиці провулок	4-й Семирічки вулиці провулок
4-й Тараса Шевченка провулок	4-й Тараса Шевченка провулок
4-й Тернівської вулиці провулок	4-й Тернівської вулиці провулок
4-й Троїцької вулиці провулок	4-й Троїцької вулиці провулок
4-й тупик Проездной улицы	4-й тупик Проездной улицы
4-й тупик улицы Гоженко	4-й тупик улицы Гоженко
4-й Юрія Левади проїзд	4-й Юрія Левади проїзд
4-ої Гвардійської армії вулиця	4-ої Гвардійської армії вулиця
40 лет победы квартал	40 лет победы квартал
40 річчя Перемоги вулиця	40 річчя Перемоги вулиця
40 років Визволення вулиця	40 років Визволення вулиця
40 років ВЛКСМ вулиця	40 років ВЛКСМ вулиця
40 років Жовтню вулиця	40 років Жовтню вулиця
40 років Жовтню провулок	40 років Жовтню провулок
40 років Комсомолу вулиця	40 років Комсомолу вулиця
40 років Комсомолу провулок	40 років Комсомолу провулок
40 років КПУ вулиця	40 років КПУ вулиця
40 років Октября вулиця	40 років Октября вулиця
40 років Перемоги в’їзд	40 років Перемоги вʼїзд
40 років Перемоги вулиця	40 років Перемоги вулиця
40 Років Перемоги вулиця	40 Років Перемоги вулиця
40 років Перемоги квартал	40 років Перемоги квартал
40 років Перемоги площа	40 років Перемоги площа
40 років Перемоги провулок	40 років Перемоги провулок
40 років Перемоги проспект	40 років Перемоги проспект
40 років України вулиця	40 років України вулиця
40 років України провулок	40 років України провулок
40 років Україні вулиця	40 років Україні вулиця
40 рокiв Перемоги квартал	40 років Перемоги квартал
40 ряччя Перемоги вулиця	40 ряччя Перемоги вулиця
40-річчя Оборони Одеси вулиця	40-річчя Оборони Одеси вулиця
40-річчя Радянської України вулиця	40-річчя Радянської України вулиця
41-ї Стрілецької Дивізії вулиця	41-ї Стрілецької Дивізії вулиця
417 Стрілкової дивізії вулиця	417 Стрілкової дивізії вулиця
45 років Перемоги вулиця	45 років Перемоги вулиця
450 років Горошка вулиця	450 років Горошка вулиця
49-а А Садова вулиця	49-а А Садова вулиця
49-ї Гвардійської Дивізії вулиця	49-ї Гвардійської Дивізії вулиця
5 ряд Нижній Шувар	5 ряд Нижній Шувар
5-а лінія провулку Громова	5-а лінія провулку Громова
5-а ст. Люстдорфської дороги	5-а ст. Люстдорфської дороги
5-ї Річниці Незалежності вулиця	5-ї Річниці Незалежності вулиця
5-й Б. Хмельницького провулок	5-й Б. Хмельницького провулок
5-й Бориса Гмирі провулок	5-й Бориса Гмирі провулок
5-й Василя Кандинського провулок	5-й Василя Кандинського провулок
5-й Василя Стефаника провулок	5-й Василя Стефаника провулок
5-й Генерала Арабея проїзд	5-й Генерала Арабея проїзд
5-й Гніванське шосе провулок	5-й Гніванське шосе провулок
5-й Григорія Чупринки провулок	5-й Григорія Чупринки провулок
5-й Євгена Чикаленка провулок	5-й Євгена Чикаленка провулок
5-й Івана Франка провулок	5-й Івана Франка провулок
5-й Кирила Бочкарьова тупик	5-й Кирила Бочкарьова тупик
5-й Кривий Брід провулок	5-й Кривий Брід провулок
5-й Леоніда Каденюка провулок	5-й Леоніда Каденюка провулок
5-й Максима Шаповала провулок	5-й Максима Шаповала провулок
5-й Ніжинської вулиці провулок	5-й Ніжинської вулиці провулок
5-й Олени Степанівни провулок	5-й Олени Степанівни провулок
5-й тупик улицы Гоженко	5-й тупик улицы Гоженко
5-й Юрія Левади проїзд	5-й Юрія Левади проїзд
50 лет Октября квартал	50 лет Октября квартал
50 літ СРСР вулиця	50 літ СРСР вулиця
50 річчя Перемоги вулиця	50 річчя Перемоги вулиця
50 років Визволення вулиця	50 років Визволення вулиця
50 років ВЛКСМ вулиця	50 років ВЛКСМ вулиця
50 років ВЛКСМ провулок	50 років ВЛКСМ провулок
50 років Жовтню вулиця	50 років Жовтню вулиця
50 років НЗФ вулиця	50 років НЗФ вулиця
50 років Перемоги вулиця	50 років Перемоги вулиця
50 Років Перемоги вулиця	50 Років Перемоги вулиця
50 років Перемоги квартал	50 років Перемоги квартал
50 років Перемоги проспект	50 років Перемоги проспект
50 років СРСР вулиця	50 років СРСР вулиця
50 років СРСР проспект	50 років СРСР проспект
50 років СССР вулиця	50 років СССР вулиця
50 Let Oktyabrya Quarter	50 Let Oktyabrya Quarter
50-а А Садова вулиця	50-а А Садова вулиця
50-ї Гвардійської Дивізії вулиця	50-ї Гвардійської Дивізії вулиця
50-летия Обороны Луганска квартал	50-летия Обороны Луганска квартал
50-річчя визволення села вулиця	50-річчя визволення села вулиця
50-річчя Оборони Луганська вулиця	50-річчя Оборони Луганська вулиця
50-річчя Радянської України бульвар	50-річчя Радянської України бульвар
50-річчя Слов’янської ТЕС вулиця	50-річчя Словʼянської ТЕС вулиця
50-річчя Створення СРСР вулиця	50-річчя Створення СРСР вулиця
50-ти річчя Возз'єднання вулиця	50-ти річчя Воззʼєднання вулиця
50-ти річчя Перемоги вулиця	50-ти річчя Перемоги вулиця
500-річчя села Переволочна вулиця	500-річчя села Переволочна вулиця
51-ї Перекопської Дивізії вулиця	51-ї Перекопської Дивізії вулиця
53-я А Садова вулиця	53-я А Садова вулиця
55 років ВЛКСМ вулиця	55 років ВЛКСМ вулиця
55-ї Стрілецької Дивізії вулиця	55-ї Стрілецької Дивізії вулиця
58 гвардійської дивізії вулиця	58 гвардійської дивізії вулиця
58 стрілецької дивізії вулиця	58 стрілецької дивізії вулиця
58-ї Гвардійської Дивізії вулиця	58-ї Гвардійської Дивізії вулиця
59-ї Гвардійської Дивізії вулиця	59-ї Гвардійської Дивізії вулиця
6 ряд Нижній Шувар	6 ряд Нижній Шувар
6-ї Гвардійської Дивізії вулиця	6-ї Гвардійської Дивізії вулиця
6-ї Орловської Дивізії вулиця	6-ї Орловської Дивізії вулиця
6-ї Стрілецької Дивізії вулиця	6-ї Стрілецької Дивізії вулиця
6-й Б. Хмельницького провулок	6-й Б. Хмельницького провулок
6-й Бориса Гмирі провулок	6-й Бориса Гмирі провулок
6-й Генерала Арабея проїзд	6-й Генерала Арабея проїзд
6-й Григорія Чупринки провулок	6-й Григорія Чупринки провулок
6-й Дубрівське шосе провулок	6-й Дубрівське шосе провулок
6-й Леоніда Каденюка провулок	6-й Леоніда Каденюка провулок
6-й Максима Шаповала провулок	6-й Максима Шаповала провулок
6-й тупик улицы Гоженко	6-й тупик улицы Гоженко
6-й Юрія Левади проїзд	6-й Юрія Левади проїзд
6-та лінія провулка Громова	6-та лінія провулка Громова
60 лет Образования СССР	60 лет Образования СССР
60 лет СССР прспект	60 лет СССР прспект
60 років ВЛКСМ вулиця	60 років ВЛКСМ вулиця
60 років Октября вулиця	60 років Октября вулиця
60 років Перемоги вулиця	60 років Перемоги вулиця
60 років СРСР вулиця	60 років СРСР вулиця
60 років СРСР квартал	60 років СРСР квартал
60 років СРСР провулок	60 років СРСР провулок
60 років СРСР проспект	60 років СРСР проспект
60 років СССР вулиця	60 років СССР вулиця
60-річчя утворення СРСР вулиця	60-річчя утворення СРСР вулиця
600-річчя с. Вівня вулиця	600-річчя с. Вівня вулиця
600-річчя села Зіболок вулиця	600-річчя села Зіболок вулиця
610-го Стрілецького Полку вулиця	610-го Стрілецького Полку вулиця
69-ї Гвардійської дивізії вулиця	69-ї Гвардійської дивізії вулиця
7 ряд Нижній Шувар	7 ряд Нижній Шувар
7-ї Гвардійської Армії вулиця	7-ї Гвардійської Армії вулиця
7-й Б. Хмельницького провулок	7-й Б. Хмельницького провулок
7-й Генерала Арабея проїзд	7-й Генерала Арабея проїзд
7-й Григорія Чупринки провулок	7-й Григорія Чупринки провулок
7-й Леоніда Каденюка провулок	7-й Леоніда Каденюка провулок
70 років Перемоги вулиця	70 років Перемоги вулиця
72 Гвардійської дивізії вулиця	72 Гвардійської дивізії вулиця
74-ї Стрілецької Дивізії вулиця	74-ї Стрілецької Дивізії вулиця
75-річчя ФК «Шахтар» проспект	75-річчя ФК «Шахтар» проспект
77-ї Гвардійської Дивізії вулиця	77-ї Гвардійської Дивізії вулиця
78-ї Гвардійської дивізії вулиця	78-ї Гвардійської дивізії вулиця
78-ї Гвардійської Дивізії вулиця	78-ї Гвардійської Дивізії вулиця
8 ряд Нижній Шувар	8 ряд Нижній Шувар
8-го З’їзду Рад вулиця	8-го Зʼїзду Рад вулиця
8-ої Повітряно-Десантної Дивізії вулиця	8-ої Повітряно-Десантної Дивізії вулиця
80-ї Гвардійської Дивізії вулиця	80-ї Гвардійської Дивізії вулиця
86-ї Гвардійської Дивізії вулиця	86-ї Гвардійської Дивізії вулиця
9 Задніпровського полку провулок	9 Задніпровського полку провулок
9 ряд Нижній Шувар	9 ряд Нижній Шувар
91-го Прикордонного Загону вулиця	91-го Прикордонного Загону вулиця
93 Стрілецької дивізії вулиця	93 Стрілецької дивізії вулиця
93-ої Холодноярської Бригади вулиця	93-ої Холодноярської Бригади вулиця
95-го Прикордоннного загону вулиця	95-го Прикордоннного загону вулиця
95-го прикордонного загону вулиця	95-го прикордонного загону вулиця
96 Танкової бригади вулиця	96 Танкової бригади вулиця
97-ї Стрілецької Дивізії вулиця	97-ї Стрілецької Дивізії вулиця
993-го Стрілецького Полку вулиця	993-го Стрілецького Полку вулиця
а/д Киів-Чоп 455+780 км	а/д Киів-Чоп 455+780 км
а/д Київ-Чоп 321км (ліворуч)	а/д Київ-Чоп 321км (ліворуч)
а/д Київ-Чоп км 517+180	а/д Київ-Чоп км 517+180
Абрикосова вулиця (діл.: 331-348)	Абрикосова вулиця (діл.: 331-348)
Абрикосова вулиця (діл.: 55-89)	Абрикосова вулиця (діл.: 55-89)
Аллея им. 51 Армии	Аллея им. 51 Армии
Артема вулиця (21 лiнiя)	21 лінія вулиці Артема
Бузкова вулиця (діл.: 127-169)	Бузкова вулиця (діл.: 127-169)
Бузкова вулиця (діл.: 365-373)	Бузкова вулиця (діл.: 365-373)
бульвар Золотой Берег 101	бульвар Золотой Берег 101
Весела вулиця (діл.: 284-311)	Весела вулиця (діл.: 284-311)
Вишнева вулиця (діл.: 31-54)	Вишнева вулиця (діл.: 31-54)
Вишнева вулиця (діл.: 323-330)	Вишнева вулиця (діл.: 323-330)
військове містечко №12 вулиця	військове містечко №12 вулиця
Воровського вулиця (23 лiнiя)	Воровського вулиця (23 лiнiя)
Вулиці Західної 1-й тупик	Вулиці Західної 1-й тупик
Вулиці Західної 4-й тупик	Вулиці Західної 4-й тупик
вулиця 26 Бакинських комісарів	вулиця 26 Бакинських комісарів
вулиця 40 років ВЛКСМ	вулиця 40 років ВЛКСМ
вулиця 60 років СРСР	вулиця 60 років СРСР
Героїв 128 ГШБ вулиця	Героїв 128 ГШБ вулиця
Героїв 37-го батальйону вулиця	Героїв 37-го батальйону вулиця
Героїв 51 ОМБр вулиця	Героїв 51 ОМБр вулиця
Героїв 55 Бригади вулиця	Героїв 55 Бригади вулиця
Героїв 55-ї бригади вулиця	Героїв 55-ї бригади вулиця
Героїв 72-ї Бригади вулиця	Героїв 72-ї Бригади вулиця
Героїв 93-ї бригади вулиця	Героїв 93-ї бригади вулиця
Героїв 93-ї Бригади вулиця	Героїв 93-ї Бригади вулиця
Гетьмана Мазепи проїзд 1-й	Гетьмана Мазепи проїзд 1-й
Гетьмана Мазепи проїзд 2-й	Гетьмана Мазепи проїзд 2-й
Гетьмана Мазепи проїзд 3-й	Гетьмана Мазепи проїзд 3-й
Глазунова вулиця (26 лiнiя)	Глазунова вулиця (26 лiнiя)
Горького вулиця (28 лiнiя)	Горького вулиця (28 лiнiя)
Громова 1 лінія вулиця	Громова 1 лінія вулиця
Громова 2 лінія вулиця	Громова 2 лінія вулиця
Громова 3 лінія вулиця	Громова 3 лінія вулиця
Громова 4 лінія вулиця	Громова 4 лінія вулиця
Громова 5 лінія вулиця	Громова 5 лінія вулиця
Громова 6 лінія вулиця	Громова 6 лінія вулиця
Дерев'яний міст 230 м	Деревʼяний міст 230 м
Джерельна вулиця (діл.: 1-15)	Джерельна вулиця (діл.: 1-15)
Дорога до пляжу (04.10.2020)	Дорога до пляжу (04.10.2020)
Е95 Криве Озеро 2-е	Е95 Криве Озеро 2-е
Защитников 35-й батареи аллея	Защитников 35-й батареи аллея
Золотий Берег 101 бульвар	Золотий Берег 101 бульвар
І провулок 30-ччя Перемоги	І провулок 30-ччя Перемоги
Казарма 101 км вулиця	Казарма 101 км вулиця
Калініна вулиця (24 лiнiя)	Калініна вулиця (24 лiнiя)
кв. 40 років Перемоги	кв. 40 років Перемоги
Квартал 30 лет Победы	Квартал 30 лет Победы
квартал 50 лет Октября	квартал 50 лет Октября
Квартал 50 лет СССР	Квартал 50 лет СССР
Квартал 50 років Перемоги	Квартал 50 років Перемоги
Квартал 50 років СРСР	Квартал 50 років СРСР
квартал 50-летия Обороны Луганска	квартал 50-летия Обороны Луганска
Квартал 60 лет октября	Квартал 60 лет октября
квартал 60 лет СССР	квартал 60 лет СССР
Квіткова вулиця (діл.: 179-216)	Квіткова вулиця (діл.: 179-216)
Квіткова вулиця (діл.: 374-377)	Квіткова вулиця (діл.: 374-377)
Комсомольців 20-х років вулиця	Комсомольців 20-х років вулиця
Короленка вулиці 1-й провулок	Короленка вулиці 1-й провулок
Короленка вулиці 3-й провулок	Короленка вулиці 3-й провулок
Котовського вулиця (30 лiнiя)	Котовського вулиця (30 лiнiя)
Кремельницької вулиці 1-й тупик	Кремельницької вулиці 1-й тупик
Куйбишевої вулиці 1-й провулок	Куйбишевої вулиці 1-й провулок
Лісний Кордон 58 вулиця	Лісний Кордон 58 вулиця
Марії Демченко 1-а лінія	Марії Демченко 1-а лінія
масив 5 лінія 5	масив 5 лінія 5
Менделєєва вулиця (22 лiнiя)	Менделєєва вулиця (22 лiнiя)
Н-31 (не раніше 2021)	Н-31 (не раніше 2021)
Набережна 1-ї лінії вулиця	Набережна 1-ї лінії вулиця
Набережна 2-ї лінії вулиця	Набережна 2-ї лінії вулиця
Набережна 3-ї лінії вулиця	Набережна 3-ї лінії вулиця
Овочева вулиця (діл.: 260-293)	Овочева вулиця (діл.: 260-293)
озен бою 2-й проезд	озен бою 2-й проезд
Олега Кошового 1 тупік	Олега Кошового 1 тупік
площа 40 Років перемоги	площа 40 Років перемоги
Пожарского вулиця (1-й проїзд)	Пожарского вулиця (1-й проїзд)
провулок 1-й вулиці Чекістів	провулок 1-й вулиці Чекістів
провулок 1-й Жовтневої вулиці	провулок 1-й Жовтневої вулиці
провулок 1-й Леніна вулиці	провулок 1-й Леніна вулиці
провулок 1-й Лугової вулиці	провулок 1-й Лугової вулиці
провулок 1-й Молодіжної вулиці	провулок 1-й Молодіжної вулиці
провулок 1-й Набережної вулиці	провулок 1-й Набережної вулиці
провулок 1-й Роменської вулиці	провулок 1-й Роменської вулиці
провулок 1-й Соборної вулиці	провулок 1-й Соборної вулиці
провулок 1-й Тараса Шевченка	провулок 1-й Тараса Шевченка
провулок 1-й Травневої вулиці	провулок 1-й Травневої вулиці
провулок 1-й Центральної вулиці	провулок 1-й Центральної вулиці
провулок 2-й Берегової вулиці	провулок 2-й Берегової вулиці
провулок 2-й вулиці Калнишевського	провулок 2-й вулиці Калнишевського
провулок 2-й Леніна вулиці	провулок 2-й Леніна вулиці
провулок 2-й Молодіжної вулиці	провулок 2-й Молодіжної вулиці
провулок 2-й Роменської вулиці	провулок 2-й Роменської вулиці
провулок 2-й Соборної вулиці	провулок 2-й Соборної вулиці
провулок 2-й Центральної вулиці	провулок 2-й Центральної вулиці
провулок 3-й Леніна вулиці	провулок 3-й Леніна вулиці
провулок 3-й Соборної вулиці	провулок 3-й Соборної вулиці
провулок 3-й Тараса Шевченка	провулок 3-й Тараса Шевченка
провулок 3-й Травневої вулиці	провулок 3-й Травневої вулиці
провулок 3-й Центральної вулиці	провулок 3-й Центральної вулиці
провулок 4-й Берегової вулиці	провулок 4-й Берегової вулиці
провулок 4-й Тараса Шевченка	провулок 4-й Тараса Шевченка
провулок 4-й Травневої вулиці	провулок 4-й Травневої вулиці
провулок 5-й Леніна вулиці	провулок 5-й Леніна вулиці
провулок 5-й Соборної вулиці	провулок 5-й Соборної вулиці
провулок 5-й Центральної вулиці	провулок 5-й Центральної вулиці
Революції 1905 року вулиця	Революції 1905 року вулиця
Революції 1905 року узвіз	Революції 1905 року узвіз
Рынок хитрый лот 62	Рынок хитрый лот 62
Садова 12-та лінія вулиця	Садова 12-та лінія вулиця
садоводческое некоммерческое товарищество Скалистый-89	садоводческое некоммерческое товарищество Скалистый-89
Сонячна вулиця (діл.: 217-259)	Сонячна вулиця (діл.: 217-259)
Ст скалистый 89 уч.61	Ст скалистый 89 уч.61
Стежка прорізана в 2019р	Стежка прорізана в 2019р
Степової вулиці 1-й провулок	Степової вулиці 1-й провулок
Степової вулиці 2-й провулок	Степової вулиці 2-й провулок
Сумської вулиці 1-й провулок	Сумської вулиці 1-й провулок
Сумської вулиці 2-й провулок	Сумської вулиці 2-й провулок
Сумської вулиці 3-й провулок	Сумської вулиці 3-й провулок
Сумської вулиці 4-й провулок	Сумської вулиці 4-й провулок
Торговая 26 (Новый рынок)	Торговая 26 (Новый рынок)
Трояндова вулиця (діл.: 16-30)	Трояндова вулиця (діл.: 16-30)
ТСН СНТ Маяк-25 территория	ТСН СНТ Маяк-25 территория
ТСН СНТ ЭРА -1	ТСН СНТ ЭРА -1
Фабричної вулиці 2-й провулок	Фабричної вулиці 2-й провулок
Фабричної вулиці 3-й провулок	Фабричної вулиці 3-й провулок
Фабричної вулиці 4-й провулок	Фабричної вулиці 4-й провулок
Фабричної вулиці 5-й провулок	Фабричної вулиці 5-й провулок
Фурсівська 1 квартал вулиця	Фурсівська 1 квартал вулиця
Фурсівська 2 квартал вулиця	Фурсівська 2 квартал вулиця
Фурсівська 3 квартал вулиця	Фурсівська 3 квартал вулиця
Фурсівська 4 квартал вулиця	Фурсівська 4 квартал вулиця
Челюскінців вулиця (27 лiнiя)	Челюскінців вулиця (27 лiнiя)
Чехова вулиця (19 лiнiя)	Чехова вулиця (19 лiнiя)
Шмідта вулиця (25 лiнiя)	Шмідта вулиця (25 лiнiя)
шосе Київське 16 км	шосе Київське 16 км