11/15	11/15
130/134/137	130/134/137
136/137	136/137
31к-42к	31к-42к
35А-001	35А-001
40-річчяПеремоги	40-річчяПеремоги
43к-54к	43к-54к
4ряд	4ряд
4a	4a
5-Заречный	5-Заречный
5-км	5-км
55к-65к	55к-65к
5в	5в
5ряд	5ряд
5B	5B
6-а	6-а
600-річчя	600-річчя
65а	65а
66к-75к	66к-75к
67К-12	67К-12
67Н-28	67Н-28
67Н-30	67Н-30
67Н-33	67Н-33
67Н-39	67Н-39
67H-40	67H-40
67H-7	67H-7
6ряд	6ряд
77/79	77/79
7к-18к	7к-18к
7ряд	7ряд
8Марта	8Марта
8ряд	8ряд
9ряд	9ряд
Бориспіль-7	Бориспіль-7
Водник-1	Водник-1
ГТС-2	ГТС-2
дачная-5	дачная-5
М-03	М-03
Новая-1	Новая-1
Поперечна-1	Поперечна-1
Поперечна-2	Поперечна-2
Поперечна-3	Поперечна-3
Рыбак-2а	Рыбак-2а
С-101107	С-101107
С-13-02-01	С-13-02-01
С030704	С030704
С031504	С031504
С13-02-12	С13-02-12
С13-02-13	С13-02-13
С13-02-14	С13-02-14
С13-02-20	С13-02-20
С161504	С161504
С161611	С161611
С161612	С161612
С161628	С161628
Сім23	Сім23
Т-10-16	Т-10-16
титова47	титова47
Тополь-1	Тополь-1
Хоткевича-44В	Хоткевича-44В
ЧИК-23	ЧИК-23
Чорнобиль-2	Чорнобиль-2