Бічна Арктична вулиця	Бічна Арктична вулиця
Бічна Бариська вулиця	Бариська Бічна вулиця
Бічна Берегівська вулиця	Берегівська-бічна вулиця
Бічна Бігова вулиця	Бічна Бігова вулиця
Бічна Білозірська вулиця	Білозірська Бічна вулиця
Бічна Бродівська вулиця	Бічна Бродівська вулиця
Бічна Бродівська вулиця	Бродівська бічна вулиця
Бічна Бродівська вулиця	Бродівська Бічна вулиця
Бічна Будівельна вулиця	Будівельна Бічна вулиця
Бічна Бурштинова вулиця	Бічна Бурштинова вулиця
Бічна Весела вулиця	Весела-Бічна вулиця
Бічна Вишнева вулиця	Бічна вишнева вулиця
Бічна Вузька вулиця	Вузька Бічна вулиця
Бічна вулиця	Бічна вулиця
Бічна вулиця	вулиця Бічна
бічна вулиця 1 Листопада	1-го Листопада Бічна вулиця
бічна вулиця Адама Міцкевича	Адама Міцкевича-Бічна вулиця
бічна вулиця Бандери	Бандери Бічна вулиця
бічна вулиця Богайчука	Богайчука Бічна вулиця
бічна вулиця Богдана Хмельницького	Бічна Богдана Хмельницького вулиця
бічна вулиця Богдана Хмельницького	Богдана Хмельницького бічна вулиця
бічна вулиця Богдана Хмельницького	Богдана Хмельницького Бічна вулиця
бічна вулиця Братів Бережницьких	Братів Бережницьких Бічна вулиця
бічна вулиця Василя Стуса	Василя Стуса бічна вулиця
бічна вулиця Виговського	Бічна Виговського вулиця
бічна вулиця Володимира Великого	Бічна Володимира Великого вулиця
бічна вулиця Володимира Івасюка	Володимира Івасюка Бічна вулиця
бічна вулиця Вʼячеслава Чорновола	В’ячеслава Чорновола Бічна вулиця
бічна вулиця Геофізиків	Геофізиків бічна вулиця
бічна вулиця Гишки	Гишки Бічна вулиця
бічна вулиця Гонти	Бічна Гонти вулиця
бічна вулиця Григорія Сковороди	Бічна Григорія Сковороди вулиця
бічна вулиця Дружби	Дружби бічна вулиця
бічна вулиця Духновича	Духновича бічна вулиця
бічна вулиця Євгена Коновальця	Євгена Коновальця Бічна вулиця
бічна вулиця Івана Ґонти	Бічна Івана Ґонти вулиця
бічна вулиця Івана Котляревського	Бічна Івана Котляревського вулиця
бічна вулиця Івана Миколайчука	Бічна Івана Миколайчука вулиця
бічна вулиця Івана Франка	Івана Франка бічна вулиця
бічна вулиця Івана Франка	Івана Франка-бічна вулиця
бічна вулиця Клячковського	Клячковського бічна вулиця
бічна вулиця Колісники	Колісники Бічна вулиця
бічна вулиця Котляревського	Бічна Котляревського вулиця
бічна вулиця Леоніда Глібова	Бічна Леоніда Глібова вулиця
бічна вулиця Лесі Українки	Лесі Українки Бічна вулиця
бічна вулиця Лесі Українки	Лесі Українки-Бічна вулиця
бічна вулиця Мазепи	Бічна Мазепи вулиця
бічна вулиця Макаренка	Бічна Макаренка вулиця
бічна вулиця Маркіяна Шашкевича	Бічна Маркіяна Шашкевича вулиця
бічна вулиця Миколайчука	Бічна Миколайчука вулиця
бічна вулиця Миколи Аркаса	Бічна Миколи Аркаса вулиця
бічна вулиця Миру	Бічна Миру вулиця
бічна вулиця Миру	Миру бічна вулиця
бічна вулиця Михайла Грушевського	Михайла Грушевського Бічна вулиця
бічна вулиця Мічуріна	Мічуріна Бічна вулиця
бічна вулиця Молодої Гвардії	Молодої Гвардії бічна вулиця
бічна вулиця Новий Світ	Новий Світ Бічна вулиця
бічна вулиця О. Невського	О. Невського бічна вулиця
бічна вулиця О. Невського	О. Невського-бічна вулиця
бічна вулиця Олександра Невського	Олександра Невського бічна вулиця
бічна вулиця Олекси Довбуша	Бічна Олекси Довбуша вулиця
бічна вулиця Отця Іздрика	Бічна Отця Іздрика вулиця
бічна вулиця Павла Полуботка	Павла Полуботка Бічна вулиця
бічна вулиця Перемоги	Перемоги Бічна вулиця
бічна вулиця Петра Дорошенка	Бічна Петра Дорошенка вулиця
бічна вулиця Петра Дорошенка	Петра Дорошенка Бічна вулиця
бічна вулиця Поляна	Поляна-Бічна вулиця
бічна вулиця Романа Шухевича	Романа Шухевича Бічна вулиця
бічна вулиця Самчука	Самчука Бічна вулиця
бічна вулиця Симоненка	Бічна Симоненка вулиця
бічна вулиця Січових Срільців	Січових Срільців Бічна вулиця
бічна вулиця Сотника Василя Панаса	Бічна Сотника Василя Панаса вулиця
бічна вулиця Степана Бандери	Степана Бандери Бічна вулиця
бічна вулиця Степана Бандери	Степана Бандери-Бічна вулиця
бічна вулиця Тараса Шевченка	Бічна Тараса Шевченка вулиця
бічна вулиця Тараса Шевченка	Тараса Шевченка (бічна) вулиця
бічна вулиця Тараса Шевченка	Тараса Шевченка бічна вулиця
бічна вулиця Тараса Шевченка	Тараса Шевченка Бічна вулиця
бічна вулиця Тараса Шевченка	Тараса Шевченка-Бічна вулиця
бічна вулиця Українки	Українки Бічна вулиця
бічна вулиця Федуска	Федуска-Бічна вулиця
бічна вулиця Шевченка	Бічна Шевченка вулиця
бічна вулиця Шевченка	Шевченка бічна вулиця
бічна вулиця Шевченка	Шевченка Бічна вулиця
бічна вулиця Юридика	Бічна Юридика вулиця
Бічна Гайова вулиця	Гайова Бічна вулиця
Бічна Галицька вулиця	Галицька бічна вулиця
Бічна Галицька вулиця	Галицька Бічна вулиця
Бічна Галицька вулиця	Галицька-бічна вулиця
Бічна Глибока вулиця	Глибока бічна вулиця
Бічна Городня вулиця	Городня-Бічна вулиця
Бічна Гранична вулиця	Гранична Бічна вулиця
Бічна Джерельна вулиця	Бічна Джерельна вулиця
Бічна Дитяча вулиця	Бічна дитяча вулиця
Бічна Дрогобицька вулиця	Дрогобицька Бічна вулиця
Бічна Енергетична вулиця	Енергетична Бічна вулиця
Бічна Живова вулиця	Живова Бічна вулиця
Бічна Заводська вулиця	Заводська-Бічна вулиця
Бічна Залізнична вулиця	Бічна Залізнична вулиця
Бічна Залізнична вулиця	Залізнична бічна вулиця
Бічна Залізнична вулиця	Залізнична Бічна вулиця
Бічна Залізнична вулиця	Залізнична-Бічна вулиця
Бічна Замкова вулиця	Бічна Замкова вулиця
Бічна Замкова вулиця	Замкова Бічна вулиця
Бічна Зарічна вулиця	Зарічна-Бічна вулиця
Бічна Зелена	Бічна зелена
Бічна Зелена	Бічна Зелена
Бічна Зелена вулиця	Бічна Зелена вулиця
Бічна Зелена вулиця	Зелена Бічна вулиця
Бічна Зелена вулиця	Зелена-Бічна вулиця
Бічна Зимноводівська вулиця	Бічна Зимноводівська вулиця
Бічна Індустріальна вулиця	Бічна Індустріальна вулиця
Бічна Інститутська вулиця	Бічна Інститутська вулиця
Бічна Камінна вулиця	Камінна Бічна вулиця
Бічна Київська вулиця	Київська бічна вулиця
Бічна Кібельна вулиця	Бічна Кібельна вулиця
Бічна Кліматична вулиця	Бічна Кліматична вулиця
Бічна Крута вулиця	Крута-Бічна вулиця
Бічна Кукезівська вулиця	Кукезівська бічна вулиця
Бічна Курортна вулиця	Курортна-бічна вулиця
Бічна Лісна вулиця	Б. Лісна вулиця
Бічна Лісна вулиця	Бічна Лісна вулиця
Бічна Лісна вулиця	вул. Бічна Лісна
Бічна Лісна вулиця	Лісна Бічна вулиця
Бічна Лісова вулиця	Бічна Лісова вулиця
Бічна Лісова вулиця	Лісова Бічна вулиця
Бічна Львівська вулиця	Бічна Львівська вулиця
Бічна Львівська вулиця	вулиця Бічна Львівська
Бічна Львівська вулиця	Львівська бічна вулиця
Бічна Львівська вулиця	Львівська Бічна вулиця
Бічна Микулинецька вулиця	Микулинецька-бічна вулиця
Бічна Мисливська вулиця	Бічна Мисливська вулиця
Бічна Молодіжна вулиця	Бічна Молодіжна
Бічна Молодіжна вулиця	Бічна Молодіжна вулиця
Бічна Монастирська вулиця	Монастирська бічна вулиця
Бічна Мостова вулиця	Мостова бічна вулиця
Бічна Набережна вулиця	Набережна бічна вулиця
Бічна Набережна вулиця	Набережна-бічна вулиця
Бічна Наварійська вулиця	Бічна Наварійська вулиця
Бічна Нижня вулиця	Нижня бічна вулиця
Бічна Нова вулиця	Бічна Нова вулиця
Бічна Нова вулиця	Нова бічна вулиця
Бічна Озерна вулиця	Бічна Озерна вулиця
Бічна Паркова вулиця	Бічна паркова вулиця
Бічна Північна вулиця	Північна-бічна вулиця
Бічна Підвальна вулиця	Б. Пдвальна вулиця
Бічна Польна вулиця	Польна Бічна вулиця
Бічна Польна вулиця	Польна-Бічна вулиця
Бічна Польова вулиця	Бічна Польова вулиця
Бічна Пригородна вулиця	Бічна Пригородна вулиця
Бічна Прилбицька вулиця	Бічна Прилбицька вулиця
Бічна Проектна вулиця	Проектна бічна вулиця
Бічна Проєктна вулиця	Проєктна бічна вулиця
Бічна Промислова вулиця	Бічна Промислова вулиця
Бічна Промислова вулиця	Промислова бічна вулиця
Бічна Пряшівська вулиця	Пряшівська-бічна вулиця
Бічна Рівна вулиця	Рівна-Бічна вулиця
Бічна Садова вулиця	Бічна Садова вулиця
Бічна Садова вулиця	Садова бічна вулиця
Бічна Садова вулиця	Садова Бічна вулиця
Бічна Салінарна вулиця	Салінарна-Бічна вулиця
Бічна Самбірська вулиця	Самбірська-Бічна вулиця
Бічна Середня вулиця	Середня-Бічна вулиця
Бічна Словʼянська вулиця	Слов’янська Бічна вулиця
Бічна Сонячна вулиця	Бічна Сонячна вулиця
Бічна Сонячна вулиця	Сонячна бічна вулиця
Бічна Сонячна вулиця	Сонячна Бічна вулиця
Бічна Стрийська вулиця	Стрийська бічна вулиця
Бічна Суховільська вулиця	Біна Суховільскої вулиця
Бічна Суховільська вулиця	Бічна Суховільська вулиця
Бічна Теребовлянська вулиця	Теребовлянська Бічна вулиця
Бічна Тернопільська вулиця	Тернопільська бічна вулиця
Бічна Тернопільська вулиця	Тернопільська Бічна вулиця
Бічна Торгова вулиця	Торгова Бічна вулиця
Бічна Транспортна	транспортна бічна
Бічна Транспортна вулиця	Транспортна-Бічна вулиця
Бічна Українська вулиця	Українська бічна вулиця
Бічна Успенська вулиця	Бічна Успенська вулиця
Бічна Фруктова вулиця	Фруктова бічна вулиця
Бічна Цегельна вулиця	Цегельна бічна вулиця
Бічна Центральна вулиця	Центральна Бічна вулиця
Бічна Центральна вулиця	Центральна-бічна вулиця
Бічна Чуперносівська вулиця	Бічна-Чуперносівська вулиця
Бічна Шахтарська вулиця	Бічна Шахтарська вулиця
Бічна Шкільна вулиця	Бічна шкільна вулиця
Бічна Шкільна вулиця	Бічна Шкільна вулиця
Бічний провулок	Бічний провулок
бічна вулиця Привокзальної	Бічна привокзальної вулиця
Збічна вулиця	Збічна вулиця
Побічна вулиця	Побічна вулиця